-- --------------------------------------------------------
-- Host:                         127.0.0.1
-- Server version:               8.0.30 - MySQL Community Server - GPL
-- Server OS:                    Win64
-- HeidiSQL Version:             12.1.0.6537
-- --------------------------------------------------------

/*!40101 SET @OLD_CHARACTER_SET_CLIENT=@@CHARACTER_SET_CLIENT */;
/*!40101 SET NAMES utf8 */;
/*!50503 SET NAMES utf8mb4 */;
/*!40103 SET @OLD_TIME_ZONE=@@TIME_ZONE */;
/*!40103 SET TIME_ZONE='+00:00' */;
/*!40014 SET @OLD_FOREIGN_KEY_CHECKS=@@FOREIGN_KEY_CHECKS, FOREIGN_KEY_CHECKS=0 */;
/*!40101 SET @OLD_SQL_MODE=@@SQL_MODE, SQL_MODE='NO_AUTO_VALUE_ON_ZERO' */;
/*!40111 SET @OLD_SQL_NOTES=@@SQL_NOTES, SQL_NOTES=0 */;


-- Dumping database structure for skripsi2
CREATE DATABASE IF NOT EXISTS `skripsi2` /*!40100 DEFAULT CHARACTER SET utf8mb4 COLLATE utf8mb4_0900_ai_ci */ /*!80016 DEFAULT ENCRYPTION='N' */;
USE `skripsi2`;

-- Dumping structure for table skripsi2.absensi_harian
CREATE TABLE IF NOT EXISTS `absensi_harian` (
  `id` bigint unsigned NOT NULL AUTO_INCREMENT,
  `tanggal` date NOT NULL,
  `tahun_ajar_id` bigint unsigned NOT NULL,
  `created_at` timestamp NULL DEFAULT NULL,
  `updated_at` timestamp NULL DEFAULT NULL,
  PRIMARY KEY (`id`),
  KEY `absensi_harian_tahun_ajar_id_foreign` (`tahun_ajar_id`),
  CONSTRAINT `absensi_harian_tahun_ajar_id_foreign` FOREIGN KEY (`tahun_ajar_id`) REFERENCES `tahun_ajars` (`id_tahun_ajar`) ON DELETE CASCADE
) ENGINE=InnoDB DEFAULT CHARSET=utf8mb4 COLLATE=utf8mb4_unicode_ci;

-- Dumping data for table skripsi2.absensi_harian: ~0 rows (approximately)

-- Dumping structure for table skripsi2.absensi_setiap_mapel
CREATE TABLE IF NOT EXISTS `absensi_setiap_mapel` (
  `id` bigint unsigned NOT NULL AUTO_INCREMENT,
  `absensi_harian_id` bigint unsigned NOT NULL,
  `mapel_kelas_id` bigint unsigned NOT NULL,
  `santri_id` bigint unsigned NOT NULL,
  `status` enum('hadir','alpa','izin','sakit') CHARACTER SET utf8mb4 COLLATE utf8mb4_unicode_ci NOT NULL,
  `jam_mulai` time DEFAULT NULL,
  `jam_selesai` time DEFAULT NULL,
  `created_at` timestamp NULL DEFAULT NULL,
  `updated_at` timestamp NULL DEFAULT NULL,
  PRIMARY KEY (`id`),
  KEY `absensi_setiap_mapel_absensi_harian_id_foreign` (`absensi_harian_id`),
  KEY `absensi_setiap_mapel_mapel_kelas_id_foreign` (`mapel_kelas_id`),
  KEY `absensi_setiap_mapel_santri_id_foreign` (`santri_id`),
  CONSTRAINT `absensi_setiap_mapel_absensi_harian_id_foreign` FOREIGN KEY (`absensi_harian_id`) REFERENCES `absensi_harian` (`id`) ON DELETE CASCADE,
  CONSTRAINT `absensi_setiap_mapel_mapel_kelas_id_foreign` FOREIGN KEY (`mapel_kelas_id`) REFERENCES `mapel_kelas` (`id_mapel_kelas`) ON DELETE CASCADE,
  CONSTRAINT `absensi_setiap_mapel_santri_id_foreign` FOREIGN KEY (`santri_id`) REFERENCES `santris` (`id_santri`) ON DELETE CASCADE
) ENGINE=InnoDB DEFAULT CHARSET=utf8mb4 COLLATE=utf8mb4_unicode_ci;

-- Dumping data for table skripsi2.absensi_setiap_mapel: ~0 rows (approximately)

-- Dumping structure for table skripsi2.audit_logs
CREATE TABLE IF NOT EXISTS `audit_logs` (
  `id` bigint unsigned NOT NULL AUTO_INCREMENT,
  `table_name` varchar(50) COLLATE utf8mb4_unicode_ci NOT NULL,
  `record_id` bigint unsigned NOT NULL,
  `action` varchar(20) COLLATE utf8mb4_unicode_ci NOT NULL,
  `old_values` json DEFAULT NULL,
  `new_values` json DEFAULT NULL,
  `user_id` bigint unsigned DEFAULT NULL,
  `user_name` varchar(255) COLLATE utf8mb4_unicode_ci DEFAULT NULL,
  `ip_address` varchar(45) COLLATE utf8mb4_unicode_ci DEFAULT NULL,
  `user_agent` text COLLATE utf8mb4_unicode_ci,
  `created_at` timestamp NULL DEFAULT NULL,
  `updated_at` timestamp NULL DEFAULT NULL,
  PRIMARY KEY (`id`),
  KEY `idx_audit_table_record` (`table_name`,`record_id`),
  KEY `idx_audit_user` (`user_id`),
  KEY `idx_audit_date` (`created_at`)
) ENGINE=InnoDB DEFAULT CHARSET=utf8mb4 COLLATE=utf8mb4_unicode_ci;

-- Dumping data for table skripsi2.audit_logs: ~0 rows (approximately)

-- Dumping structure for table skripsi2.biaya_santris
CREATE TABLE IF NOT EXISTS `biaya_santris` (
  `id_biaya_santri` bigint unsigned NOT NULL AUTO_INCREMENT,
  `santri_id` bigint unsigned NOT NULL,
  `daftar_biaya_id` bigint unsigned NOT NULL,
  `jumlah` int NOT NULL,
  `created_at` timestamp NULL DEFAULT NULL,
  `updated_at` timestamp NULL DEFAULT NULL,
  PRIMARY KEY (`id_biaya_santri`),
  KEY `biaya_santris_santri_id_foreign` (`santri_id`),
  KEY `biaya_santris_daftar_biaya_id_foreign` (`daftar_biaya_id`),
  KEY `idx_biaya_santri_santri_id` (`santri_id`),
  KEY `idx_biaya_santri_daftar_biaya` (`daftar_biaya_id`),
  CONSTRAINT `biaya_santris_daftar_biaya_id_foreign` FOREIGN KEY (`daftar_biaya_id`) REFERENCES `daftar_biayas` (`id_daftar_biaya`) ON DELETE CASCADE,
  CONSTRAINT `biaya_santris_santri_id_foreign` FOREIGN KEY (`santri_id`) REFERENCES `santris` (`id_santri`) ON DELETE CASCADE
) ENGINE=InnoDB AUTO_INCREMENT=188 DEFAULT CHARSET=utf8mb4 COLLATE=utf8mb4_unicode_ci;

-- Dumping data for table skripsi2.biaya_santris: ~55 rows (approximately)
INSERT INTO `biaya_santris` (`id_biaya_santri`, `santri_id`, `daftar_biaya_id`, `jumlah`, `created_at`, `updated_at`) VALUES
	(120, 346, 8, 1, '2025-07-03 22:47:49', '2025-07-03 22:47:49'),
	(122, 348, 8, 1, '2025-07-03 22:47:49', '2025-07-03 22:47:49'),
	(123, 349, 8, 1, '2025-07-03 22:47:49', '2025-07-03 22:47:49'),
	(124, 350, 8, 1, '2025-07-03 22:47:50', '2025-07-03 22:47:50'),
	(125, 351, 8, 1, '2025-07-03 22:47:50', '2025-07-03 22:47:50'),
	(126, 352, 8, 1, '2025-07-03 22:47:50', '2025-07-03 22:47:50'),
	(127, 353, 8, 1, '2025-07-03 22:47:50', '2025-07-03 22:47:50'),
	(128, 354, 8, 1, '2025-07-03 22:47:50', '2025-07-03 22:47:50'),
	(129, 355, 8, 1, '2025-07-03 22:47:51', '2025-07-03 22:47:51'),
	(130, 356, 8, 1, '2025-07-03 22:47:51', '2025-07-03 22:47:51'),
	(131, 357, 8, 1, '2025-07-03 22:47:51', '2025-07-03 22:47:51'),
	(132, 358, 8, 1, '2025-07-03 22:47:51', '2025-07-03 22:47:51'),
	(133, 359, 8, 1, '2025-07-03 22:47:52', '2025-07-03 22:47:52'),
	(134, 360, 8, 1, '2025-07-03 22:47:52', '2025-07-03 22:47:52'),
	(136, 362, 8, 1, '2025-07-03 22:47:52', '2025-07-03 22:47:52'),
	(137, 363, 8, 1, '2025-07-03 22:47:52', '2025-07-03 22:47:52'),
	(138, 364, 8, 1, '2025-07-03 22:47:53', '2025-07-03 22:47:53'),
	(139, 365, 8, 1, '2025-07-03 22:47:53', '2025-07-03 22:47:53'),
	(140, 366, 8, 1, '2025-07-03 22:47:53', '2025-07-03 22:47:53'),
	(141, 367, 8, 1, '2025-07-03 22:47:53', '2025-07-03 22:47:53'),
	(142, 368, 8, 1, '2025-07-03 22:47:53', '2025-07-03 22:47:53'),
	(143, 369, 8, 1, '2025-07-03 22:47:54', '2025-07-03 22:47:54'),
	(144, 370, 8, 1, '2025-07-03 22:47:54', '2025-07-03 22:47:54'),
	(145, 371, 8, 1, '2025-07-03 22:47:54', '2025-07-03 22:47:54'),
	(146, 372, 8, 1, '2025-07-03 22:47:54', '2025-07-03 22:47:54'),
	(147, 373, 8, 1, '2025-07-03 22:47:54', '2025-07-03 22:47:54'),
	(148, 374, 8, 1, '2025-07-03 22:47:54', '2025-07-03 22:47:54'),
	(149, 375, 8, 1, '2025-07-03 22:47:55', '2025-07-03 22:47:55'),
	(150, 376, 8, 1, '2025-07-03 22:47:55', '2025-07-03 22:47:55'),
	(151, 377, 8, 1, '2025-07-03 22:47:55', '2025-07-03 22:47:55'),
	(152, 378, 8, 1, '2025-07-03 22:47:55', '2025-07-03 22:47:55'),
	(153, 379, 8, 1, '2025-07-03 22:47:55', '2025-07-03 22:47:55'),
	(154, 380, 8, 1, '2025-07-03 22:47:56', '2025-07-03 22:47:56'),
	(155, 381, 8, 1, '2025-07-03 22:47:56', '2025-07-03 22:47:56'),
	(156, 382, 8, 1, '2025-07-03 22:47:56', '2025-07-03 22:47:56'),
	(157, 383, 8, 1, '2025-07-03 22:47:56', '2025-07-03 22:47:56'),
	(158, 384, 8, 1, '2025-07-03 22:47:57', '2025-07-03 22:47:57'),
	(159, 385, 8, 1, '2025-07-03 22:47:57', '2025-07-03 22:47:57'),
	(160, 386, 8, 1, '2025-07-03 22:47:57', '2025-07-03 22:47:57'),
	(161, 387, 8, 1, '2025-07-03 22:47:57', '2025-07-03 22:47:57'),
	(162, 388, 8, 1, '2025-07-03 22:47:57', '2025-07-03 22:47:57'),
	(163, 389, 8, 1, '2025-07-03 22:47:58', '2025-07-03 22:47:58'),
	(164, 390, 8, 1, '2025-07-03 22:47:58', '2025-07-03 22:47:58'),
	(165, 391, 8, 1, '2025-07-03 22:47:58', '2025-07-03 22:47:58'),
	(166, 392, 8, 1, '2025-07-03 22:47:58', '2025-07-03 22:47:58'),
	(167, 393, 8, 1, '2025-07-03 22:47:58', '2025-07-03 22:47:58'),
	(168, 394, 8, 1, '2025-07-03 22:47:59', '2025-07-03 22:47:59'),
	(169, 395, 8, 1, '2025-07-03 22:47:59', '2025-07-03 22:47:59'),
	(174, 347, 8, 1, '2025-07-03 23:01:40', '2025-07-03 23:01:40'),
	(175, 347, 7, 1, '2025-07-03 23:01:40', '2025-07-03 23:01:40'),
	(176, 347, 10, 1, '2025-07-03 23:01:40', '2025-07-03 23:01:40'),
	(180, 344, 8, 1, '2025-07-03 23:02:04', '2025-07-03 23:02:04'),
	(181, 344, 5, 1, '2025-07-03 23:02:04', '2025-07-03 23:02:04'),
	(182, 344, 10, 1, '2025-07-03 23:02:04', '2025-07-03 23:02:04'),
	(183, 344, 7, 1, '2025-07-03 23:02:04', '2025-07-03 23:02:04'),
	(184, 345, 10, 1, '2025-07-03 23:02:21', '2025-07-03 23:02:21'),
	(185, 361, 8, 1, '2025-07-06 03:22:06', '2025-07-06 03:22:06'),
	(186, 361, 10, 1, '2025-07-06 03:22:06', '2025-07-06 03:22:06'),
	(187, 361, 7, 1, '2025-07-06 03:22:06', '2025-07-06 03:22:06');

-- Dumping structure for table skripsi2.biaya_terjadwals
CREATE TABLE IF NOT EXISTS `biaya_terjadwals` (
  `nama_biaya` varchar(255) CHARACTER SET utf8mb4 COLLATE utf8mb4_unicode_ci NOT NULL,
  `id_biaya_terjadwal` bigint unsigned NOT NULL AUTO_INCREMENT,
  `periode` enum('tahunan','sekali','tambahan') CHARACTER SET utf8mb4 COLLATE utf8mb4_unicode_ci NOT NULL,
  `nominal` double NOT NULL,
  `created_at` timestamp NULL DEFAULT NULL,
  `updated_at` timestamp NULL DEFAULT NULL,
  PRIMARY KEY (`id_biaya_terjadwal`)
) ENGINE=InnoDB AUTO_INCREMENT=157 DEFAULT CHARSET=utf8mb4 COLLATE=utf8mb4_unicode_ci;

-- Dumping data for table skripsi2.biaya_terjadwals: ~6 rows (approximately)
INSERT INTO `biaya_terjadwals` (`nama_biaya`, `id_biaya_terjadwal`, `periode`, `nominal`, `created_at`, `updated_at`) VALUES
	('Pendaftaran Ulang', 1, 'tahunan', 300000, '2025-03-07 23:24:33', '2025-03-07 23:24:33'),
	('Haflah', 2, 'tahunan', 400000, '2025-03-07 23:24:33', '2025-03-07 23:24:33'),
	('Ziaroh', 3, 'tahunan', 500000, '2025-03-07 23:24:33', '2025-03-07 23:24:33'),
	('Pendaftaran Santri Baru', 4, 'sekali', 2150000, '2025-03-07 23:24:33', '2025-03-07 23:24:33'),
	('Imtihan 1', 5, 'tahunan', 50000, '2025-03-07 23:24:33', '2025-03-07 23:24:33'),
	('Imtihan 2', 6, 'tahunan', 50000, '2025-03-07 23:24:33', '2025-03-07 23:24:33');

-- Dumping structure for table skripsi2.cache
CREATE TABLE IF NOT EXISTS `cache` (
  `key` varchar(255) CHARACTER SET utf8mb4 COLLATE utf8mb4_unicode_ci NOT NULL,
  `value` mediumtext CHARACTER SET utf8mb4 COLLATE utf8mb4_unicode_ci NOT NULL,
  `expiration` int NOT NULL,
  PRIMARY KEY (`key`)
) ENGINE=InnoDB DEFAULT CHARSET=utf8mb4 COLLATE=utf8mb4_unicode_ci;

-- Dumping data for table skripsi2.cache: ~2 rows (approximately)
INSERT INTO `cache` (`key`, `value`, `expiration`) VALUES
	('dashboard_stats_2025', 'a:6:{s:13:"total_tagihan";i:432;s:11:"total_lunas";i:5;s:14:"total_sebagian";i:0;s:11:"total_belum";i:427;s:13:"total_nominal";d:110400000;s:13:"total_dibayar";d:1650000;}', 1751797889),
	('dashboard_stats_2026', 'a:6:{s:13:"total_tagihan";i:10;s:11:"total_lunas";i:0;s:14:"total_sebagian";i:0;s:11:"total_belum";i:10;s:13:"total_nominal";d:3500000;s:13:"total_dibayar";i:0;}', 1751797899),
	('santri_tunggakan_344', 'd:7200000;', 1751797668),
	('santri_tunggakan_345', 'd:1500000;', 1751797668),
	('santri_tunggakan_348', 'i:3000000;', 1751797668),
	('santri_tunggakan_357', 'i:3000000;', 1751797667),
	('santri_tunggakan_358', 'i:3000000;', 1751797668),
	('santri_tunggakan_359', 'i:3000000;', 1751797667),
	('santri_tunggakan_361', 'd:3750000;', 1751797667),
	('santri_tunggakan_362', 'i:3000000;', 1751797667),
	('santri_tunggakan_365', 'i:3000000;', 1751797667),
	('santri_tunggakan_370', 'i:3000000;', 1751797667),
	('santri_tunggakan_371', 'i:3000000;', 1751797667),
	('santri_tunggakan_373', 'i:3000000;', 1751797667),
	('santri_tunggakan_376', 'i:3000000;', 1751797668),
	('santri_tunggakan_377', 'i:3000000;', 1751797667),
	('santri_tunggakan_380', 'i:3000000;', 1751797667),
	('santri_tunggakan_382', 'i:3000000;', 1751797667),
	('santri_tunggakan_384', 'i:3000000;', 1751797667),
	('santri_tunggakan_389', 'i:3000000;', 1751797668),
	('santri_tunggakan_391', 'i:3000000;', 1751797667),
	('santri_tunggakan_394', 'i:3000000;', 1751797667),
	('spatie.permission.cache', 'a:3:{s:5:"alias";a:4:{s:1:"a";s:2:"id";s:1:"b";s:4:"name";s:1:"c";s:10:"guard_name";s:1:"r";s:5:"roles";}s:11:"permissions";a:87:{i:0;a:4:{s:1:"a";i:1;s:1:"b";s:14:"dashboard.view";s:1:"c";s:3:"web";s:1:"r";a:3:{i:0;i:1;i:1;i:2;i:2;i:3;}}i:1;a:4:{s:1:"a";i:2;s:1:"b";s:12:"profile.view";s:1:"c";s:3:"web";s:1:"r";a:3:{i:0;i:1;i:1;i:2;i:2;i:3;}}i:2;a:4:{s:1:"a";i:3;s:1:"b";s:12:"profile.edit";s:1:"c";s:3:"web";s:1:"r";a:3:{i:0;i:1;i:1;i:2;i:2;i:3;}}i:3;a:4:{s:1:"a";i:4;s:1:"b";s:11:"santri.view";s:1:"c";s:3:"web";s:1:"r";a:3:{i:0;i:1;i:1;i:2;i:2;i:3;}}i:4;a:4:{s:1:"a";i:5;s:1:"b";s:13:"santri.create";s:1:"c";s:3:"web";s:1:"r";a:1:{i:0;i:1;}}i:5;a:4:{s:1:"a";i:6;s:1:"b";s:11:"santri.edit";s:1:"c";s:3:"web";s:1:"r";a:1:{i:0;i:1;}}i:6;a:4:{s:1:"a";i:7;s:1:"b";s:13:"santri.delete";s:1:"c";s:3:"web";s:1:"r";a:1:{i:0;i:1;}}i:7;a:4:{s:1:"a";i:8;s:1:"b";s:13:"santri.import";s:1:"c";s:3:"web";s:1:"r";a:1:{i:0;i:1;}}i:8;a:4:{s:1:"a";i:9;s:1:"b";s:9:"user.view";s:1:"c";s:3:"web";s:1:"r";a:1:{i:0;i:1;}}i:9;a:4:{s:1:"a";i:10;s:1:"b";s:11:"user.create";s:1:"c";s:3:"web";s:1:"r";a:1:{i:0;i:1;}}i:10;a:4:{s:1:"a";i:11;s:1:"b";s:9:"user.edit";s:1:"c";s:3:"web";s:1:"r";a:1:{i:0;i:1;}}i:11;a:4:{s:1:"a";i:12;s:1:"b";s:11:"user.delete";s:1:"c";s:3:"web";s:1:"r";a:1:{i:0;i:1;}}i:12;a:4:{s:1:"a";i:13;s:1:"b";s:11:"user.import";s:1:"c";s:3:"web";s:1:"r";a:1:{i:0;i:1;}}i:13;a:4:{s:1:"a";i:14;s:1:"b";s:10:"roles.view";s:1:"c";s:3:"web";s:1:"r";a:1:{i:0;i:1;}}i:14;a:4:{s:1:"a";i:15;s:1:"b";s:12:"roles.create";s:1:"c";s:3:"web";s:1:"r";a:1:{i:0;i:1;}}i:15;a:4:{s:1:"a";i:16;s:1:"b";s:10:"roles.edit";s:1:"c";s:3:"web";s:1:"r";a:1:{i:0;i:1;}}i:16;a:4:{s:1:"a";i:17;s:1:"b";s:12:"roles.delete";s:1:"c";s:3:"web";s:1:"r";a:1:{i:0;i:1;}}i:17;a:4:{s:1:"a";i:18;s:1:"b";s:16:"permissions.view";s:1:"c";s:3:"web";s:1:"r";a:1:{i:0;i:1;}}i:18;a:4:{s:1:"a";i:19;s:1:"b";s:18:"permissions.create";s:1:"c";s:3:"web";s:1:"r";a:1:{i:0;i:1;}}i:19;a:4:{s:1:"a";i:20;s:1:"b";s:16:"permissions.edit";s:1:"c";s:3:"web";s:1:"r";a:1:{i:0;i:1;}}i:20;a:4:{s:1:"a";i:21;s:1:"b";s:18:"permissions.delete";s:1:"c";s:3:"web";s:1:"r";a:1:{i:0;i:1;}}i:21;a:4:{s:1:"a";i:22;s:1:"b";s:17:"biaya-santri.view";s:1:"c";s:3:"web";s:1:"r";a:3:{i:0;i:1;i:1;i:2;i:2;i:3;}}i:22;a:4:{s:1:"a";i:23;s:1:"b";s:19:"biaya-santri.create";s:1:"c";s:3:"web";s:1:"r";a:1:{i:0;i:1;}}i:23;a:4:{s:1:"a";i:24;s:1:"b";s:17:"biaya-santri.edit";s:1:"c";s:3:"web";s:1:"r";a:1:{i:0;i:1;}}i:24;a:4:{s:1:"a";i:25;s:1:"b";s:19:"biaya-santri.delete";s:1:"c";s:3:"web";s:1:"r";a:1:{i:0;i:1;}}i:25;a:4:{s:1:"a";i:26;s:1:"b";s:17:"daftar-biaya.view";s:1:"c";s:3:"web";s:1:"r";a:2:{i:0;i:1;i:1;i:3;}}i:26;a:4:{s:1:"a";i:27;s:1:"b";s:19:"daftar-biaya.create";s:1:"c";s:3:"web";s:1:"r";a:1:{i:0;i:1;}}i:27;a:4:{s:1:"a";i:28;s:1:"b";s:17:"daftar-biaya.edit";s:1:"c";s:3:"web";s:1:"r";a:1:{i:0;i:1;}}i:28;a:4:{s:1:"a";i:29;s:1:"b";s:19:"daftar-biaya.delete";s:1:"c";s:3:"web";s:1:"r";a:1:{i:0;i:1;}}i:29;a:4:{s:1:"a";i:30;s:1:"b";s:19:"kategori-biaya.view";s:1:"c";s:3:"web";s:1:"r";a:2:{i:0;i:1;i:1;i:3;}}i:30;a:4:{s:1:"a";i:31;s:1:"b";s:21:"kategori-biaya.create";s:1:"c";s:3:"web";s:1:"r";a:1:{i:0;i:1;}}i:31;a:4:{s:1:"a";i:32;s:1:"b";s:19:"kategori-biaya.edit";s:1:"c";s:3:"web";s:1:"r";a:1:{i:0;i:1;}}i:32;a:4:{s:1:"a";i:33;s:1:"b";s:21:"kategori-biaya.delete";s:1:"c";s:3:"web";s:1:"r";a:1:{i:0;i:1;}}i:33;a:4:{s:1:"a";i:34;s:1:"b";s:22:"tagihan-terjadwal.view";s:1:"c";s:3:"web";s:1:"r";a:3:{i:0;i:1;i:1;i:2;i:2;i:3;}}i:34;a:4:{s:1:"a";i:35;s:1:"b";s:24:"tagihan-terjadwal.create";s:1:"c";s:3:"web";s:1:"r";a:1:{i:0;i:1;}}i:35;a:4:{s:1:"a";i:36;s:1:"b";s:22:"tagihan-terjadwal.edit";s:1:"c";s:3:"web";s:1:"r";a:1:{i:0;i:1;}}i:36;a:4:{s:1:"a";i:37;s:1:"b";s:24:"tagihan-terjadwal.delete";s:1:"c";s:3:"web";s:1:"r";a:1:{i:0;i:1;}}i:37;a:4:{s:1:"a";i:38;s:1:"b";s:24:"tagihan-terjadwal.export";s:1:"c";s:3:"web";s:1:"r";a:1:{i:0;i:1;}}i:38;a:4:{s:1:"a";i:39;s:1:"b";s:20:"tagihan-bulanan.view";s:1:"c";s:3:"web";s:1:"r";a:3:{i:0;i:1;i:1;i:2;i:2;i:3;}}i:39;a:4:{s:1:"a";i:40;s:1:"b";s:22:"tagihan-bulanan.create";s:1:"c";s:3:"web";s:1:"r";a:1:{i:0;i:1;}}i:40;a:4:{s:1:"a";i:41;s:1:"b";s:20:"tagihan-bulanan.edit";s:1:"c";s:3:"web";s:1:"r";a:1:{i:0;i:1;}}i:41;a:4:{s:1:"a";i:42;s:1:"b";s:22:"tagihan-bulanan.delete";s:1:"c";s:3:"web";s:1:"r";a:1:{i:0;i:1;}}i:42;a:4:{s:1:"a";i:43;s:1:"b";s:22:"tagihan-bulanan.export";s:1:"c";s:3:"web";s:1:"r";a:1:{i:0;i:1;}}i:43;a:4:{s:1:"a";i:44;s:1:"b";s:21:"tambahan-bulanan.view";s:1:"c";s:3:"web";s:1:"r";a:3:{i:0;i:1;i:1;i:2;i:2;i:3;}}i:44;a:4:{s:1:"a";i:45;s:1:"b";s:23:"tambahan-bulanan.create";s:1:"c";s:3:"web";s:1:"r";a:1:{i:0;i:1;}}i:45;a:4:{s:1:"a";i:46;s:1:"b";s:21:"tambahan-bulanan.edit";s:1:"c";s:3:"web";s:1:"r";a:1:{i:0;i:1;}}i:46;a:4:{s:1:"a";i:47;s:1:"b";s:23:"tambahan-bulanan.delete";s:1:"c";s:3:"web";s:1:"r";a:1:{i:0;i:1;}}i:47;a:4:{s:1:"a";i:48;s:1:"b";s:16:"item-santri.view";s:1:"c";s:3:"web";s:1:"r";a:3:{i:0;i:1;i:1;i:2;i:2;i:3;}}i:48;a:4:{s:1:"a";i:49;s:1:"b";s:16:"item-santri.edit";s:1:"c";s:3:"web";s:1:"r";a:1:{i:0;i:1;}}i:49;a:4:{s:1:"a";i:50;s:1:"b";s:15:"pembayaran.list";s:1:"c";s:3:"web";s:1:"r";a:2:{i:0;i:1;i:1;i:3;}}i:50;a:4:{s:1:"a";i:51;s:1:"b";s:17:"pembayaran.create";s:1:"c";s:3:"web";s:1:"r";a:1:{i:0;i:1;}}i:51;a:4:{s:1:"a";i:52;s:1:"b";s:15:"pembayaran.view";s:1:"c";s:3:"web";s:1:"r";a:3:{i:0;i:1;i:1;i:2;i:2;i:3;}}i:52;a:4:{s:1:"a";i:53;s:1:"b";s:15:"pembayaran.void";s:1:"c";s:3:"web";s:1:"r";a:1:{i:0;i:1;}}i:53;a:4:{s:1:"a";i:54;s:1:"b";s:15:"pembayaran.bulk";s:1:"c";s:3:"web";s:1:"r";a:1:{i:0;i:1;}}i:54;a:4:{s:1:"a";i:55;s:1:"b";s:18:"pembayaran.history";s:1:"c";s:3:"web";s:1:"r";a:3:{i:0;i:1;i:1;i:2;i:2;i:3;}}i:55;a:4:{s:1:"a";i:56;s:1:"b";s:10:"kelas.view";s:1:"c";s:3:"web";s:1:"r";a:2:{i:0;i:1;i:1;i:3;}}i:56;a:4:{s:1:"a";i:57;s:1:"b";s:12:"kelas.create";s:1:"c";s:3:"web";s:1:"r";a:1:{i:0;i:1;}}i:57;a:4:{s:1:"a";i:58;s:1:"b";s:10:"kelas.edit";s:1:"c";s:3:"web";s:1:"r";a:1:{i:0;i:1;}}i:58;a:4:{s:1:"a";i:59;s:1:"b";s:12:"kelas.delete";s:1:"c";s:3:"web";s:1:"r";a:1:{i:0;i:1;}}i:59;a:4:{s:1:"a";i:60;s:1:"b";s:10:"mapel.view";s:1:"c";s:3:"web";s:1:"r";a:2:{i:0;i:1;i:1;i:3;}}i:60;a:4:{s:1:"a";i:61;s:1:"b";s:12:"mapel.create";s:1:"c";s:3:"web";s:1:"r";a:1:{i:0;i:1;}}i:61;a:4:{s:1:"a";i:62;s:1:"b";s:10:"mapel.edit";s:1:"c";s:3:"web";s:1:"r";a:1:{i:0;i:1;}}i:62;a:4:{s:1:"a";i:63;s:1:"b";s:12:"mapel.delete";s:1:"c";s:3:"web";s:1:"r";a:1:{i:0;i:1;}}i:63;a:4:{s:1:"a";i:64;s:1:"b";s:16:"mapel-kelas.view";s:1:"c";s:3:"web";s:1:"r";a:2:{i:0;i:1;i:1;i:3;}}i:64;a:4:{s:1:"a";i:65;s:1:"b";s:18:"mapel-kelas.create";s:1:"c";s:3:"web";s:1:"r";a:1:{i:0;i:1;}}i:65;a:4:{s:1:"a";i:66;s:1:"b";s:16:"mapel-kelas.edit";s:1:"c";s:3:"web";s:1:"r";a:1:{i:0;i:1;}}i:66;a:4:{s:1:"a";i:67;s:1:"b";s:18:"mapel-kelas.delete";s:1:"c";s:3:"web";s:1:"r";a:1:{i:0;i:1;}}i:67;a:4:{s:1:"a";i:68;s:1:"b";s:15:"tahun-ajar.view";s:1:"c";s:3:"web";s:1:"r";a:2:{i:0;i:1;i:1;i:3;}}i:68;a:4:{s:1:"a";i:69;s:1:"b";s:17:"tahun-ajar.create";s:1:"c";s:3:"web";s:1:"r";a:1:{i:0;i:1;}}i:69;a:4:{s:1:"a";i:70;s:1:"b";s:15:"tahun-ajar.edit";s:1:"c";s:3:"web";s:1:"r";a:1:{i:0;i:1;}}i:70;a:4:{s:1:"a";i:71;s:1:"b";s:17:"tahun-ajar.delete";s:1:"c";s:3:"web";s:1:"r";a:1:{i:0;i:1;}}i:71;a:4:{s:1:"a";i:72;s:1:"b";s:15:"qori-kelas.view";s:1:"c";s:3:"web";s:1:"r";a:2:{i:0;i:1;i:1;i:3;}}i:72;a:4:{s:1:"a";i:73;s:1:"b";s:17:"qori-kelas.create";s:1:"c";s:3:"web";s:1:"r";a:1:{i:0;i:1;}}i:73;a:4:{s:1:"a";i:74;s:1:"b";s:15:"qori-kelas.edit";s:1:"c";s:3:"web";s:1:"r";a:1:{i:0;i:1;}}i:74;a:4:{s:1:"a";i:75;s:1:"b";s:17:"qori-kelas.delete";s:1:"c";s:3:"web";s:1:"r";a:1:{i:0;i:1;}}i:75;a:4:{s:1:"a";i:76;s:1:"b";s:18:"riwayat-kelas.view";s:1:"c";s:3:"web";s:1:"r";a:3:{i:0;i:1;i:1;i:2;i:2;i:3;}}i:76;a:4:{s:1:"a";i:77;s:1:"b";s:20:"riwayat-kelas.create";s:1:"c";s:3:"web";s:1:"r";a:1:{i:0;i:1;}}i:77;a:4:{s:1:"a";i:78;s:1:"b";s:18:"riwayat-kelas.edit";s:1:"c";s:3:"web";s:1:"r";a:1:{i:0;i:1;}}i:78;a:4:{s:1:"a";i:79;s:1:"b";s:20:"riwayat-kelas.delete";s:1:"c";s:3:"web";s:1:"r";a:1:{i:0;i:1;}}i:79;a:4:{s:1:"a";i:80;s:1:"b";s:11:"ustadz.view";s:1:"c";s:3:"web";s:1:"r";a:2:{i:0;i:1;i:1;i:3;}}i:80;a:4:{s:1:"a";i:81;s:1:"b";s:13:"ustadz.create";s:1:"c";s:3:"web";s:1:"r";a:1:{i:0;i:1;}}i:81;a:4:{s:1:"a";i:82;s:1:"b";s:11:"ustadz.edit";s:1:"c";s:3:"web";s:1:"r";a:1:{i:0;i:1;}}i:82;a:4:{s:1:"a";i:83;s:1:"b";s:13:"ustadz.delete";s:1:"c";s:3:"web";s:1:"r";a:1:{i:0;i:1;}}i:83;a:4:{s:1:"a";i:84;s:1:"b";s:21:"penugasan-ustadz.view";s:1:"c";s:3:"web";s:1:"r";a:2:{i:0;i:1;i:1;i:3;}}i:84;a:4:{s:1:"a";i:85;s:1:"b";s:23:"penugasan-ustadz.create";s:1:"c";s:3:"web";s:1:"r";a:1:{i:0;i:1;}}i:85;a:4:{s:1:"a";i:86;s:1:"b";s:21:"penugasan-ustadz.edit";s:1:"c";s:3:"web";s:1:"r";a:1:{i:0;i:1;}}i:86;a:4:{s:1:"a";i:87;s:1:"b";s:23:"penugasan-ustadz.delete";s:1:"c";s:3:"web";s:1:"r";a:1:{i:0;i:1;}}}s:5:"roles";a:3:{i:0;a:3:{s:1:"a";i:1;s:1:"b";s:5:"admin";s:1:"c";s:3:"web";}i:1;a:3:{s:1:"a";i:2;s:1:"b";s:6:"santri";s:1:"c";s:3:"web";}i:2;a:3:{s:1:"a";i:3;s:1:"b";s:6:"ustadz";s:1:"c";s:3:"web";}}}', 1751849359);

-- Dumping structure for table skripsi2.cache_locks
CREATE TABLE IF NOT EXISTS `cache_locks` (
  `key` varchar(255) CHARACTER SET utf8mb4 COLLATE utf8mb4_unicode_ci NOT NULL,
  `owner` varchar(255) CHARACTER SET utf8mb4 COLLATE utf8mb4_unicode_ci NOT NULL,
  `expiration` int NOT NULL,
  PRIMARY KEY (`key`)
) ENGINE=InnoDB DEFAULT CHARSET=utf8mb4 COLLATE=utf8mb4_unicode_ci;

-- Dumping data for table skripsi2.cache_locks: ~0 rows (approximately)

-- Dumping structure for table skripsi2.daftar_biayas
CREATE TABLE IF NOT EXISTS `daftar_biayas` (
  `id_daftar_biaya` bigint unsigned NOT NULL AUTO_INCREMENT,
  `kategori_biaya_id` bigint unsigned NOT NULL,
  `nominal` double NOT NULL,
  `created_at` timestamp NULL DEFAULT NULL,
  `updated_at` timestamp NULL DEFAULT NULL,
  PRIMARY KEY (`id_daftar_biaya`),
  KEY `daftar_biayas_kategori_biaya_id_foreign` (`kategori_biaya_id`),
  KEY `idx_daftar_biaya_kategori` (`kategori_biaya_id`),
  CONSTRAINT `daftar_biayas_kategori_biaya_id_foreign` FOREIGN KEY (`kategori_biaya_id`) REFERENCES `kategori_biayas` (`id_kategori_biaya`) ON DELETE CASCADE
) ENGINE=InnoDB AUTO_INCREMENT=12 DEFAULT CHARSET=utf8mb4 COLLATE=utf8mb4_unicode_ci;

-- Dumping data for table skripsi2.daftar_biayas: ~4 rows (approximately)
INSERT INTO `daftar_biayas` (`id_daftar_biaya`, `kategori_biaya_id`, `nominal`, `created_at`, `updated_at`) VALUES
	(5, 3, 200000, '2025-05-27 10:07:34', '2025-05-27 10:16:27'),
	(7, 4, 450000, '2025-05-27 19:10:24', '2025-05-27 19:10:24'),
	(8, 2, 250000, '2025-06-09 11:19:08', '2025-06-09 11:19:08'),
	(10, 8, 1500000, '2025-06-09 20:42:32', '2025-06-09 20:42:32'),
	(11, 9, 20000, '2025-06-19 18:57:09', '2025-06-19 18:57:09');

-- Dumping structure for table skripsi2.failed_jobs
CREATE TABLE IF NOT EXISTS `failed_jobs` (
  `id` bigint unsigned NOT NULL AUTO_INCREMENT,
  `uuid` varchar(255) CHARACTER SET utf8mb4 COLLATE utf8mb4_unicode_ci NOT NULL,
  `connection` text CHARACTER SET utf8mb4 COLLATE utf8mb4_unicode_ci NOT NULL,
  `queue` text CHARACTER SET utf8mb4 COLLATE utf8mb4_unicode_ci NOT NULL,
  `payload` longtext CHARACTER SET utf8mb4 COLLATE utf8mb4_unicode_ci NOT NULL,
  `exception` longtext CHARACTER SET utf8mb4 COLLATE utf8mb4_unicode_ci NOT NULL,
  `failed_at` timestamp NOT NULL DEFAULT CURRENT_TIMESTAMP,
  PRIMARY KEY (`id`),
  UNIQUE KEY `failed_jobs_uuid_unique` (`uuid`)
) ENGINE=InnoDB DEFAULT CHARSET=utf8mb4 COLLATE=utf8mb4_unicode_ci;

-- Dumping data for table skripsi2.failed_jobs: ~0 rows (approximately)

-- Dumping structure for table skripsi2.generate_logs
CREATE TABLE IF NOT EXISTS `generate_logs` (
  `id` bigint unsigned NOT NULL AUTO_INCREMENT,
  `type` varchar(50) COLLATE utf8mb4_unicode_ci NOT NULL,
  `user_id` bigint unsigned NOT NULL,
  `user_name` varchar(255) COLLATE utf8mb4_unicode_ci NOT NULL,
  `parameters` json NOT NULL,
  `total_processed` int NOT NULL DEFAULT '0',
  `total_success` int NOT NULL DEFAULT '0',
  `total_failed` int NOT NULL DEFAULT '0',
  `errors` json DEFAULT NULL,
  `created_at` timestamp NULL DEFAULT NULL,
  `updated_at` timestamp NULL DEFAULT NULL,
  PRIMARY KEY (`id`),
  KEY `idx_generate_log_type` (`type`,`created_at`),
  KEY `idx_generate_log_user` (`user_id`)
) ENGINE=InnoDB AUTO_INCREMENT=35 DEFAULT CHARSET=utf8mb4 COLLATE=utf8mb4_unicode_ci;

-- Dumping data for table skripsi2.generate_logs: ~29 rows (approximately)
INSERT INTO `generate_logs` (`id`, `type`, `user_id`, `user_name`, `parameters`, `total_processed`, `total_success`, `total_failed`, `errors`, `created_at`, `updated_at`) VALUES
	(1, 'bulk_tagihan_bulanan', 9, 'System', '{"user": null, "bulan": ["Jan"], "tahun": "2025", "kelas_id": null, "santri_ids": null}', 2, 2, 0, '[]', '2025-06-18 04:04:03', '2025-06-18 04:04:04'),
	(2, 'bulk_tagihan_bulanan', 9, 'System', '{"user": null, "bulan": ["Mar"], "tahun": "2025", "kelas_id": null, "santri_ids": ["239", "234"]}', 2, 1, 0, '["Tagihan Azka Fawwaz Saadat untuk Mar 2025 sudah ada"]', '2025-06-18 11:21:15', '2025-06-18 11:21:15'),
	(3, 'bulk_tagihan_bulanan', 9, 'System', '{"user": null, "bulan": ["Apr"], "tahun": "2025", "kelas_id": null, "santri_ids": ["234"]}', 1, 1, 0, '[]', '2025-06-18 11:26:16', '2025-06-18 11:26:16'),
	(4, 'bulk_tagihan_bulanan', 9, 'System', '{"user": null, "bulan": ["May"], "tahun": "2025", "kelas_id": null, "santri_ids": ["234"]}', 1, 1, 0, '[]', '2025-06-18 11:31:54', '2025-06-18 11:31:54'),
	(5, 'bulk_tagihan_bulanan', 9, 'System', '{"user": null, "bulan": ["Jun"], "tahun": "2025", "kelas_id": null, "santri_ids": ["234"]}', 1, 1, 0, '[]', '2025-06-18 11:32:38', '2025-06-18 11:32:38'),
	(6, 'bulk_tagihan_bulanan', 9, 'System', '{"user": null, "bulan": ["Apr"], "tahun": "2025", "kelas_id": null, "santri_ids": ["239"]}', 1, 1, 0, '[]', '2025-06-18 11:38:55', '2025-06-18 11:38:55'),
	(7, 'bulk_tagihan_bulanan', 9, 'System', '{"user": null, "bulan": ["May"], "tahun": "2025", "kelas_id": null, "santri_ids": ["239"]}', 1, 1, 0, '[]', '2025-06-18 11:41:29', '2025-06-18 11:41:29'),
	(9, 'bulk_tagihan_bulanan', 9, 'System', '{"user": null, "bulan": ["Jun"], "tahun": "2025", "kelas_id": null, "santri_ids": ["239"]}', 1, 1, 0, '[]', '2025-06-18 11:04:20', '2025-06-18 11:04:20'),
	(10, 'bulk_tagihan_bulanan', 9, 'System', '{"user": null, "bulan": ["Jul"], "tahun": "2025", "kelas_id": "1", "santri_ids": ["239"]}', 1, 1, 0, '[]', '2025-06-18 11:05:26', '2025-06-18 11:05:26'),
	(11, 'bulk_tagihan_bulanan', 9, 'System', '{"user": null, "bulan": ["Aug"], "tahun": "2025", "kelas_id": null, "santri_ids": ["239"]}', 1, 1, 0, '[]', '2025-06-18 11:10:50', '2025-06-18 11:10:50'),
	(12, 'bulk_tagihan_bulanan', 9, 'System', '{"user": null, "bulan": ["Aug"], "tahun": "2025", "kelas_id": null, "santri_ids": ["234"]}', 1, 1, 0, '[]', '2025-06-18 11:20:59', '2025-06-18 11:20:59'),
	(13, 'bulk_tagihan_bulanan', 9, 'System', '{"user": null, "bulan": ["Sep"], "tahun": "2025", "kelas_id": null, "santri_ids": ["234"]}', 1, 1, 0, '[]', '2025-06-18 11:24:02', '2025-06-18 11:24:02'),
	(14, 'bulk_tagihan_bulanan', 9, 'System', '{"user": null, "bulan": ["Oct"], "tahun": "2025", "kelas_id": null, "santri_ids": ["234"]}', 1, 1, 0, '[]', '2025-06-18 11:25:03', '2025-06-18 11:25:03'),
	(15, 'bulk_tagihan_bulanan', 9, 'System', '{"user": null, "bulan": ["Sep"], "tahun": "2025", "kelas_id": null, "santri_ids": ["239"]}', 1, 1, 0, '[]', '2025-06-18 11:25:42', '2025-06-18 11:25:42'),
	(16, 'bulk_tagihan_bulanan', 9, 'System', '{"user": null, "bulan": ["Nov"], "tahun": "2025", "kelas_id": null, "santri_ids": ["234"]}', 1, 1, 0, '[]', '2025-06-18 11:28:14', '2025-06-18 11:28:14'),
	(17, 'bulk_tagihan_bulanan', 9, 'System', '{"user": null, "bulan": ["Dec"], "tahun": "2025", "kelas_id": null, "santri_ids": ["234"]}', 1, 1, 0, '[]', '2025-06-18 11:30:44', '2025-06-18 11:30:44'),
	(18, 'bulk_tagihan_bulanan', 9, 'System', '{"user": null, "bulan": ["Oct"], "tahun": "2025", "kelas_id": null, "santri_ids": ["239"]}', 1, 1, 0, '[]', '2025-06-18 11:38:13', '2025-06-18 11:38:13'),
	(19, 'bulk_tagihan_bulanan', 9, 'System', '{"user": null, "bulan": ["Nov"], "tahun": "2025", "kelas_id": null, "santri_ids": ["239"]}', 1, 1, 0, '[]', '2025-06-18 19:41:54', '2025-06-18 19:41:54'),
	(20, 'bulk_tagihan_bulanan', 9, 'System', '{"user": null, "bulan": ["Dec"], "tahun": "2025", "kelas_id": null, "santri_ids": ["234", "239"]}', 2, 1, 0, '["Tagihan Muhammad Hafiy Najmul Falah untuk Dec 2025 sudah ada"]', '2025-06-19 00:53:54', '2025-06-19 00:53:54'),
	(21, 'bulk_tagihan_bulanan', 9, 'System', '{"user": null, "bulan": ["Jan"], "tahun": "2024", "kelas_id": null, "santri_ids": null}', 3, 3, 0, '[]', '2025-06-20 00:23:49', '2025-06-20 00:23:49'),
	(22, 'bulk_tagihan_bulanan', 9, 'System', '{"user": null, "bulan": ["Feb", "Mar", "Apr", "May", "Jun", "Jul", "Aug", "Sep", "Oct", "Nov", "Dec"], "tahun": "2025", "kelas_id": null, "santri_ids": ["236"]}', 11, 11, 0, '[]', '2025-06-22 21:31:51', '2025-06-22 21:31:51'),
	(23, 'bulk_tagihan_bulanan', 9, 'System', '{"user": null, "bulan": ["Jan", "Feb", "Mar", "Apr", "May", "Jun", "Jul", "Aug", "Sep", "Oct", "Nov", "Dec"], "tahun": "2025", "kelas_id": null, "santri_ids": ["237"]}', 12, 12, 0, '[]', '2025-06-23 00:59:15', '2025-06-23 00:59:15'),
	(24, 'bulk_tagihan_bulanan', 9, 'System', '{"user": null, "bulan": ["Jan", "Feb", "Mar", "Apr", "May", "Jun", "Jul", "Aug", "Sep", "Oct", "Nov", "Dec"], "tahun": "2025", "kelas_id": null, "santri_ids": ["251", "271"]}', 24, 24, 0, '[]', '2025-06-24 00:58:50', '2025-06-24 00:58:50'),
	(25, 'bulk_payment', 9, 'System', '{"user_id": 9, "payment_type": "same_amount", "total_santri": 1}', 1, 0, 1, '[{"time": "2025-06-30 03:39:42", "error": "Undefined array key \\"tagihan_id\\""}]', '2025-06-29 20:39:41', '2025-06-29 20:39:42'),
	(26, 'bulk_payment', 9, 'System', '{"user_id": 9, "payment_type": "same_amount", "total_santri": 1}', 1, 0, 1, '[{"time": "2025-06-30 03:39:42", "error": "Undefined array key \\"tagihan_id\\""}]', '2025-06-29 20:39:42', '2025-06-29 20:39:42'),
	(27, 'bulk_payment', 9, 'System', '{"user_id": 9, "payment_type": "same_amount", "total_santri": 1}', 1, 0, 1, '[{"time": "2025-06-30 03:40:05", "error": "Undefined array key \\"tagihan_id\\""}]', '2025-06-29 20:40:05', '2025-06-29 20:40:05'),
	(28, 'bulk_payment', 9, 'System', '{"user_id": 9, "payment_type": "same_amount", "total_santri": 1}', 1, 0, 1, '[{"time": "2025-06-30 03:40:06", "error": "Undefined array key \\"tagihan_id\\""}]', '2025-06-29 20:40:06', '2025-06-29 20:40:06'),
	(29, 'bulk_payment_new', 9, 'System', '{"user_id": 9, "tagihan_type": "bulanan", "total_santri": 2, "nominal_per_santri": "300000"}', 2, 2, 0, NULL, '2025-06-30 07:52:18', '2025-06-30 07:52:19'),
	(30, 'bulk_payment_new', 9, 'System', '{"user_id": 9, "tagihan_type": "bulanan", "total_santri": 1, "nominal_per_santri": "250000"}', 1, 1, 0, NULL, '2025-06-30 07:53:13', '2025-06-30 07:53:14'),
	(31, 'bulk_payment_new', 9, 'System', '{"user_id": 9, "tagihan_type": "bulanan", "total_santri": 1, "nominal_per_santri": "20000"}', 1, 1, 0, NULL, '2025-06-30 07:57:53', '2025-06-30 07:57:53'),
	(32, 'bulk_payment_new', 9, 'System', '{"user_id": 9, "tagihan_type": "bulanan", "total_santri": 1, "nominal_per_santri": "30000"}', 1, 1, 0, NULL, '2025-06-30 07:58:27', '2025-06-30 07:58:28'),
	(33, 'bulk_tagihan_bulanan', 9, 'System', '{"user": null, "bulan": ["Jan", "Feb", "Mar", "Apr", "May", "Jun", "Jul", "Aug", "Sep", "Oct", "Nov", "Dec"], "tahun": "2025", "kelas_id": null, "santri_ids": null}', 432, 432, 0, '[]', '2025-07-05 03:39:48', '2025-07-05 03:39:51'),
	(34, 'bulk_tagihan_bulanan', 9, 'System', '{"user": null, "bulan": ["Jan", "Feb", "Mar", "Apr", "May"], "tahun": "2026", "kelas_id": null, "santri_ids": ["344", "347"]}', 10, 10, 0, '[]', '2025-07-05 03:40:28', '2025-07-05 03:40:28');

-- Dumping structure for table skripsi2.jobs
CREATE TABLE IF NOT EXISTS `jobs` (
  `id` bigint unsigned NOT NULL AUTO_INCREMENT,
  `queue` varchar(255) CHARACTER SET utf8mb4 COLLATE utf8mb4_unicode_ci NOT NULL,
  `payload` longtext CHARACTER SET utf8mb4 COLLATE utf8mb4_unicode_ci NOT NULL,
  `attempts` tinyint unsigned NOT NULL,
  `reserved_at` int unsigned DEFAULT NULL,
  `available_at` int unsigned NOT NULL,
  `created_at` int unsigned NOT NULL,
  PRIMARY KEY (`id`),
  KEY `jobs_queue_index` (`queue`)
) ENGINE=InnoDB DEFAULT CHARSET=utf8mb4 COLLATE=utf8mb4_unicode_ci;

-- Dumping data for table skripsi2.jobs: ~0 rows (approximately)

-- Dumping structure for table skripsi2.job_batches
CREATE TABLE IF NOT EXISTS `job_batches` (
  `id` varchar(255) CHARACTER SET utf8mb4 COLLATE utf8mb4_unicode_ci NOT NULL,
  `name` varchar(255) CHARACTER SET utf8mb4 COLLATE utf8mb4_unicode_ci NOT NULL,
  `total_jobs` int NOT NULL,
  `pending_jobs` int NOT NULL,
  `failed_jobs` int NOT NULL,
  `failed_job_ids` longtext CHARACTER SET utf8mb4 COLLATE utf8mb4_unicode_ci NOT NULL,
  `options` mediumtext CHARACTER SET utf8mb4 COLLATE utf8mb4_unicode_ci,
  `cancelled_at` int DEFAULT NULL,
  `created_at` int NOT NULL,
  `finished_at` int DEFAULT NULL,
  PRIMARY KEY (`id`)
) ENGINE=InnoDB DEFAULT CHARSET=utf8mb4 COLLATE=utf8mb4_unicode_ci;

-- Dumping data for table skripsi2.job_batches: ~0 rows (approximately)

-- Dumping structure for table skripsi2.kategori_biayas
CREATE TABLE IF NOT EXISTS `kategori_biayas` (
  `id_kategori_biaya` bigint unsigned NOT NULL AUTO_INCREMENT,
  `nama_kategori` varchar(50) CHARACTER SET utf8mb4 COLLATE utf8mb4_unicode_ci NOT NULL DEFAULT '',
  `status` enum('tahunan','insidental','tambahan','jalur') CHARACTER SET utf8mb4 COLLATE utf8mb4_unicode_ci NOT NULL,
  `created_at` timestamp NULL DEFAULT NULL,
  `updated_at` timestamp NULL DEFAULT NULL,
  PRIMARY KEY (`id_kategori_biaya`)
) ENGINE=InnoDB AUTO_INCREMENT=10 DEFAULT CHARSET=utf8mb4 COLLATE=utf8mb4_unicode_ci;

-- Dumping data for table skripsi2.kategori_biayas: ~5 rows (approximately)
INSERT INTO `kategori_biayas` (`id_kategori_biaya`, `nama_kategori`, `status`, `created_at`, `updated_at`) VALUES
	(2, 'Reguler', 'jalur', '2025-05-26 01:04:12', '2025-05-26 01:04:12'),
	(3, 'Motor', 'tambahan', '2025-05-26 01:06:04', '2025-05-26 01:06:04'),
	(4, 'Ziarah', 'tahunan', '2025-05-26 01:06:56', '2025-05-26 01:06:56'),
	(6, 'Imtihan', 'tahunan', '2025-06-09 20:39:17', '2025-06-09 20:39:17'),
	(8, 'Pendaftaran Santri Baru', 'insidental', '2025-06-09 20:42:13', '2025-06-09 20:42:13'),
	(9, 'Handphone', 'tambahan', '2025-06-19 18:56:33', '2025-06-19 18:56:33');

-- Dumping structure for table skripsi2.kategori_mapels
CREATE TABLE IF NOT EXISTS `kategori_mapels` (
  `id_kategori_mapel` bigint unsigned NOT NULL AUTO_INCREMENT,
  `nama_kategori_mapel` varchar(255) CHARACTER SET utf8mb4 COLLATE utf8mb4_unicode_ci NOT NULL,
  `created_at` timestamp NULL DEFAULT NULL,
  `updated_at` timestamp NULL DEFAULT NULL,
  PRIMARY KEY (`id_kategori_mapel`)
) ENGINE=InnoDB AUTO_INCREMENT=7 DEFAULT CHARSET=utf8mb4 COLLATE=utf8mb4_unicode_ci;

-- Dumping data for table skripsi2.kategori_mapels: ~6 rows (approximately)
INSERT INTO `kategori_mapels` (`id_kategori_mapel`, `nama_kategori_mapel`, `created_at`, `updated_at`) VALUES
	(1, 'Nahwu', '2025-03-26 13:17:20', '2025-03-26 13:17:20'),
	(2, 'Aqidah', '2025-03-26 13:17:20', '2025-03-26 13:17:20'),
	(3, 'Shorof', '2025-03-26 13:17:20', '2025-03-26 13:17:20'),
	(4, 'Fiqh', '2025-03-26 13:17:20', '2025-03-26 13:17:20'),
	(5, 'Hadits', '2025-03-26 13:17:20', '2025-03-26 13:17:20'),
	(6, 'Akhlaq', '2025-03-26 13:17:20', '2025-03-26 13:17:20');

-- Dumping structure for table skripsi2.kategori_santris
CREATE TABLE IF NOT EXISTS `kategori_santris` (
  `id_kategori_santri` bigint unsigned NOT NULL AUTO_INCREMENT,
  `nama_kategori` varchar(255) CHARACTER SET utf8mb4 COLLATE utf8mb4_unicode_ci NOT NULL,
  `nominal_syahriyah` double NOT NULL,
  `created_at` timestamp NULL DEFAULT NULL,
  `updated_at` timestamp NULL DEFAULT NULL,
  PRIMARY KEY (`id_kategori_santri`)
) ENGINE=InnoDB AUTO_INCREMENT=85 DEFAULT CHARSET=utf8mb4 COLLATE=utf8mb4_unicode_ci;

-- Dumping data for table skripsi2.kategori_santris: ~6 rows (approximately)
INSERT INTO `kategori_santris` (`id_kategori_santri`, `nama_kategori`, `nominal_syahriyah`, `created_at`, `updated_at`) VALUES
	(1, 'Reguler', 250000, NULL, NULL),
	(2, 'Fauqo', 165000, NULL, NULL),
	(3, 'Cuti', 124000, NULL, NULL),
	(19, 'Umum', 500000, NULL, NULL),
	(27, 'Santri Baru', 500000, NULL, NULL),
	(83, 'Ustadz', 0, NULL, NULL);

-- Dumping structure for table skripsi2.kelas
CREATE TABLE IF NOT EXISTS `kelas` (
  `id_kelas` bigint unsigned NOT NULL AUTO_INCREMENT,
  `nama_kelas` varchar(255) CHARACTER SET utf8mb4 COLLATE utf8mb4_unicode_ci NOT NULL,
  `tahun_ajar_id` bigint unsigned NOT NULL,
  `created_at` timestamp NULL DEFAULT NULL,
  `updated_at` timestamp NULL DEFAULT NULL,
  PRIMARY KEY (`id_kelas`),
  KEY `kelas_tahun_ajar_id_foreign` (`tahun_ajar_id`),
  CONSTRAINT `kelas_tahun_ajar_id_foreign` FOREIGN KEY (`tahun_ajar_id`) REFERENCES `tahun_ajars` (`id_tahun_ajar`) ON DELETE CASCADE
) ENGINE=InnoDB AUTO_INCREMENT=15 DEFAULT CHARSET=utf8mb4 COLLATE=utf8mb4_unicode_ci;

-- Dumping data for table skripsi2.kelas: ~7 rows (approximately)
INSERT INTO `kelas` (`id_kelas`, `nama_kelas`, `tahun_ajar_id`, `created_at`, `updated_at`) VALUES
	(1, 'Jurumiyyah', 1, NULL, NULL),
	(2, 'Imrithi', 1, NULL, NULL),
	(3, 'Alfiyyah 1', 1, NULL, NULL),
	(4, 'Alfiyyah 2', 1, NULL, NULL),
	(5, 'Bukhori', 1, NULL, NULL),
	(6, 'Ihya', 1, NULL, NULL),
	(7, 'Ihya Fauqo', 1, NULL, NULL);

-- Dumping structure for table skripsi2.mapel_kelas
CREATE TABLE IF NOT EXISTS `mapel_kelas` (
  `id_mapel_kelas` bigint unsigned NOT NULL AUTO_INCREMENT,
  `kelas_id` bigint unsigned NOT NULL,
  `mapel_id` bigint unsigned NOT NULL,
  `tahun_ajar_id` bigint unsigned NOT NULL,
  `qori_id` bigint unsigned DEFAULT NULL,
  `jam_mulai` time NOT NULL,
  `jam_selesai` time NOT NULL,
  `created_at` timestamp NULL DEFAULT NULL,
  `updated_at` timestamp NULL DEFAULT NULL,
  PRIMARY KEY (`id_mapel_kelas`),
  UNIQUE KEY `mapel_kelas_kelas_id_mapel_id_tahun_ajar_id_unique` (`kelas_id`,`mapel_id`,`tahun_ajar_id`),
  KEY `mapel_kelas_mapel_id_foreign` (`mapel_id`),
  KEY `mapel_kelas_tahun_ajar_id_foreign` (`tahun_ajar_id`),
  KEY `mapel_kelas_qori_id_foreign` (`qori_id`),
  CONSTRAINT `mapel_kelas_kelas_id_foreign` FOREIGN KEY (`kelas_id`) REFERENCES `kelas` (`id_kelas`) ON DELETE CASCADE,
  CONSTRAINT `mapel_kelas_mapel_id_foreign` FOREIGN KEY (`mapel_id`) REFERENCES `mata_pelajarans` (`id_mapel`) ON DELETE CASCADE,
  CONSTRAINT `mapel_kelas_qori_id_foreign` FOREIGN KEY (`qori_id`) REFERENCES `qori_kelas` (`id_qori_kelas`) ON DELETE SET NULL,
  CONSTRAINT `mapel_kelas_tahun_ajar_id_foreign` FOREIGN KEY (`tahun_ajar_id`) REFERENCES `tahun_ajars` (`id_tahun_ajar`) ON DELETE CASCADE
) ENGINE=InnoDB AUTO_INCREMENT=17 DEFAULT CHARSET=utf8mb4 COLLATE=utf8mb4_unicode_ci;

-- Dumping data for table skripsi2.mapel_kelas: ~4 rows (approximately)
INSERT INTO `mapel_kelas` (`id_mapel_kelas`, `kelas_id`, `mapel_id`, `tahun_ajar_id`, `qori_id`, `jam_mulai`, `jam_selesai`, `created_at`, `updated_at`) VALUES
	(11, 1, 14, 1, 15, '15:17:00', '16:17:00', '2025-06-02 01:17:42', '2025-07-06 03:25:07'),
	(14, 1, 12, 1, 15, '15:18:00', '17:18:00', '2025-06-02 01:19:58', '2025-07-06 03:25:16'),
	(15, 2, 2, 2, 15, '15:20:00', '16:20:00', '2025-06-02 01:20:35', '2025-07-06 03:25:23'),
	(16, 3, 4, 2, NULL, '00:49:00', '01:49:00', '2025-06-30 10:49:56', '2025-06-30 10:49:56');

-- Dumping structure for table skripsi2.mata_pelajarans
CREATE TABLE IF NOT EXISTS `mata_pelajarans` (
  `id_mapel` bigint unsigned NOT NULL AUTO_INCREMENT,
  `nama_mapel` varchar(255) CHARACTER SET utf8mb4 COLLATE utf8mb4_unicode_ci NOT NULL,
  `kategori_mapel_id` bigint unsigned DEFAULT NULL,
  `created_at` timestamp NULL DEFAULT NULL,
  `updated_at` timestamp NULL DEFAULT NULL,
  PRIMARY KEY (`id_mapel`),
  KEY `mata_pelajarans_kategori_mapel_id_foreign` (`kategori_mapel_id`),
  CONSTRAINT `mata_pelajarans_kategori_mapel_id_foreign` FOREIGN KEY (`kategori_mapel_id`) REFERENCES `kategori_mapels` (`id_kategori_mapel`) ON DELETE SET NULL
) ENGINE=InnoDB AUTO_INCREMENT=24 DEFAULT CHARSET=utf8mb4 COLLATE=utf8mb4_unicode_ci;

-- Dumping data for table skripsi2.mata_pelajarans: ~23 rows (approximately)
INSERT INTO `mata_pelajarans` (`id_mapel`, `nama_mapel`, `kategori_mapel_id`, `created_at`, `updated_at`) VALUES
	(1, 'Jurumiyyah', 1, '2025-03-26 13:23:44', '2025-03-26 13:23:44'),
	(2, 'Imrithi', 1, '2025-03-26 13:23:44', '2025-03-26 13:23:44'),
	(3, 'Alfiyyah 1 Maqro', 1, '2025-03-26 13:23:44', '2025-03-26 13:23:44'),
	(4, 'Alfiyyah 1 Diskusi', 1, '2025-03-26 13:23:44', '2025-03-26 13:23:44'),
	(5, 'Alfiyyah 2 Maqro', 1, '2025-03-26 13:23:44', '2025-03-26 13:23:44'),
	(6, 'Alfiyyah 2 Diskusi', 1, '2025-03-26 13:23:44', '2025-03-26 13:23:44'),
	(7, 'Aqidatul Awam', 2, '2025-03-26 13:23:44', '2025-03-26 13:23:44'),
	(8, 'Kifayatul Awam', 2, '2025-03-26 13:23:44', '2025-03-26 13:23:44'),
	(9, 'Tasrifan', 3, '2025-03-26 13:23:44', '2025-03-26 13:23:44'),
	(10, 'Amsilah At-Tashrifiyyah', 3, '2025-03-26 13:23:44', '2025-03-26 13:23:44'),
	(11, 'Qowaid Al-Ilal', 3, '2025-03-26 13:23:44', '2025-03-26 13:23:44'),
	(12, 'Fathul Qarib', 4, '2025-03-26 13:23:44', '2025-03-26 13:23:44'),
	(13, 'Fatul Muin 1', 4, '2025-03-26 13:23:44', '2025-03-26 13:23:44'),
	(14, 'Fatul Muin 2', 4, '2025-03-26 13:23:44', '2025-03-26 13:23:44'),
	(15, 'Bukhori 1', 5, '2025-03-26 13:23:44', '2025-03-26 13:23:44'),
	(16, 'Bukhori 2', 5, '2025-03-26 13:23:44', '2025-03-26 13:23:44'),
	(17, 'Bukhori 3', 5, '2025-03-26 13:23:44', '2025-03-26 13:23:44'),
	(18, 'Bukhori 4', 5, '2025-03-26 13:23:44', '2025-03-26 13:23:44'),
	(19, 'Ta\'lim Mutaallim', 6, '2025-03-26 13:23:44', '2025-03-26 13:23:44'),
	(20, 'Ihya 1', 6, '2025-03-26 13:23:44', '2025-03-26 13:23:44'),
	(21, 'Ihya 2', 6, '2025-03-26 13:23:44', '2025-03-26 13:23:44'),
	(22, 'Ihya 3', 6, '2025-03-26 13:23:44', '2025-03-26 13:23:44'),
	(23, 'Ihya 4', 6, '2025-03-26 13:23:44', '2025-03-26 13:23:44');

-- Dumping structure for table skripsi2.migrations
CREATE TABLE IF NOT EXISTS `migrations` (
  `id` int unsigned NOT NULL AUTO_INCREMENT,
  `migration` varchar(255) CHARACTER SET utf8mb4 COLLATE utf8mb4_unicode_ci NOT NULL,
  `batch` int NOT NULL,
  PRIMARY KEY (`id`)
) ENGINE=InnoDB AUTO_INCREMENT=43 DEFAULT CHARSET=utf8mb4 COLLATE=utf8mb4_unicode_ci;

-- Dumping data for table skripsi2.migrations: ~37 rows (approximately)
INSERT INTO `migrations` (`id`, `migration`, `batch`) VALUES
	(1, '0001_01_01_000000_create_users_table', 1),
	(2, '0001_01_01_000001_create_cache_table', 1),
	(3, '0001_01_01_000002_create_jobs_table', 1),
	(4, '2024_12_02_193328_create_kategori_santris_table', 1),
	(5, '2024_12_06_151219_create_biaya_terjadwals_table', 1),
	(6, '2024_12_30_024446_create_tahun_ajars_table', 1),
	(7, '2024_12_30_083425_create_kategori_mapels', 1),
	(8, '2024_12_30_192000_create_kelas_table', 1),
	(9, '2024_12_30_192000_create_tambahan_bulanans_table', 1),
	(10, '2024_12_30_192151_create_santris_table', 1),
	(11, '2024_12_30_192152_create_santri_tambahan_bulanans_table', 1),
	(12, '2024_12_30_192153_create_mata_pelajarans_table', 1),
	(13, '2024_12_30_192234_create_riwayat_kelas_table', 1),
	(14, '2024_12_30_192302_create_absensis_table', 1),
	(15, '2024_12_30_192326_create_tagihan_bulanans_table', 1),
	(16, '2024_12_30_192326_create_tagihan_terjadwals_table', 1),
	(17, '2024_12_30_192346_create_pembayarans_table', 1),
	(18, '2025_01_01_220349_create_mapel_kelas_table', 1),
	(19, '2025_01_23_133844_create_permission_tables', 1),
	(20, '2025_01_27_151712_create_qori_kelas_table', 1),
	(21, '2025_01_27_151733_create_penilaian_santris_table', 1),
	(22, '2025_01_31_033138_create_wali_kelas_table', 1),
	(23, '2025_03_26_181305_create_absensi_harian', 2),
	(24, '2025_03_27_151712_create_qori_kelas_table', 3),
	(25, '2025_03_01_220349_create_mapel_kelas_table', 4),
	(26, '2025_03_27_181305_create_absensi_harian', 5),
	(27, '2025_03_26_201307_create_absensi_setiap_matkuls_table', 6),
	(28, '2025_12_30_024446_create_tahun_ajars_table', 7),
	(29, '2025_12_30_192000_create_kelas_table', 8),
	(30, '2025_05_15_160816_add_qori_id', 9),
	(31, '2025_05_16_013903_rename_santri_id_to_nis_in_qori_kelas_table', 10),
	(32, '2025_05_20_124322_create_kategori_biayas_table', 11),
	(33, '2025_05_20_224322_create_kategori_biayas_table', 12),
	(34, '2025_05_20_324339_create_biaya_santris_table', 13),
	(35, '2025_05_26_064115_create_daftar_biayas_table', 14),
	(36, '2025_05_20_334339_create_biaya_santris_table', 15),
	(37, '2025_05_20_334338_create_biaya_santris_table', 16),
	(38, '2025_06_14_043753_add_index_to_tagihan', 17),
	(39, '2025_06_17_015321_add_tagihan_system_extensions', 18),
	(40, '2025_06_20_183943_add_santri_dan_pembayaran', 19),
	(41, '2025_06_23_041552_add_sisa_tagihan', 20),
	(42, '2025_06_23_101109_convert_payments_to_pure_allocation_system', 21);

-- Dumping structure for table skripsi2.model_has_permissions
CREATE TABLE IF NOT EXISTS `model_has_permissions` (
  `permission_id` bigint unsigned NOT NULL,
  `model_type` varchar(255) CHARACTER SET utf8mb4 COLLATE utf8mb4_unicode_ci NOT NULL,
  `model_id` bigint unsigned NOT NULL,
  PRIMARY KEY (`permission_id`,`model_id`,`model_type`),
  KEY `model_has_permissions_model_id_model_type_index` (`model_id`,`model_type`),
  CONSTRAINT `model_has_permissions_permission_id_foreign` FOREIGN KEY (`permission_id`) REFERENCES `permissions` (`id`) ON DELETE CASCADE
) ENGINE=InnoDB DEFAULT CHARSET=utf8mb4 COLLATE=utf8mb4_unicode_ci;

-- Dumping data for table skripsi2.model_has_permissions: ~0 rows (approximately)

-- Dumping structure for table skripsi2.model_has_roles
CREATE TABLE IF NOT EXISTS `model_has_roles` (
  `role_id` bigint unsigned NOT NULL,
  `model_type` varchar(255) CHARACTER SET utf8mb4 COLLATE utf8mb4_unicode_ci NOT NULL,
  `model_id` bigint unsigned NOT NULL,
  PRIMARY KEY (`role_id`,`model_id`,`model_type`),
  KEY `model_has_roles_model_id_model_type_index` (`model_id`,`model_type`),
  CONSTRAINT `model_has_roles_role_id_foreign` FOREIGN KEY (`role_id`) REFERENCES `roles` (`id`) ON DELETE CASCADE
) ENGINE=InnoDB DEFAULT CHARSET=utf8mb4 COLLATE=utf8mb4_unicode_ci;

-- Dumping data for table skripsi2.model_has_roles: ~110 rows (approximately)
INSERT INTO `model_has_roles` (`role_id`, `model_type`, `model_id`) VALUES
	(1, 'App\\Models\\User', 9),
	(3, 'App\\Models\\User', 263),
	(2, 'App\\Models\\User', 265),
	(2, 'App\\Models\\User', 266),
	(2, 'App\\Models\\User', 280),
	(2, 'App\\Models\\User', 373),
	(2, 'App\\Models\\User', 374),
	(2, 'App\\Models\\User', 375),
	(2, 'App\\Models\\User', 376),
	(2, 'App\\Models\\User', 377),
	(2, 'App\\Models\\User', 378),
	(2, 'App\\Models\\User', 379),
	(2, 'App\\Models\\User', 380),
	(2, 'App\\Models\\User', 381),
	(2, 'App\\Models\\User', 382),
	(2, 'App\\Models\\User', 383),
	(2, 'App\\Models\\User', 384),
	(2, 'App\\Models\\User', 385),
	(2, 'App\\Models\\User', 386),
	(2, 'App\\Models\\User', 387),
	(2, 'App\\Models\\User', 388),
	(2, 'App\\Models\\User', 389),
	(2, 'App\\Models\\User', 390),
	(2, 'App\\Models\\User', 391),
	(2, 'App\\Models\\User', 392),
	(2, 'App\\Models\\User', 393),
	(2, 'App\\Models\\User', 394),
	(2, 'App\\Models\\User', 395),
	(2, 'App\\Models\\User', 396),
	(2, 'App\\Models\\User', 397),
	(2, 'App\\Models\\User', 398),
	(2, 'App\\Models\\User', 399),
	(2, 'App\\Models\\User', 400),
	(2, 'App\\Models\\User', 401),
	(2, 'App\\Models\\User', 402),
	(2, 'App\\Models\\User', 403),
	(2, 'App\\Models\\User', 404),
	(2, 'App\\Models\\User', 405),
	(2, 'App\\Models\\User', 406),
	(2, 'App\\Models\\User', 407),
	(2, 'App\\Models\\User', 408),
	(2, 'App\\Models\\User', 409),
	(2, 'App\\Models\\User', 410),
	(2, 'App\\Models\\User', 411),
	(2, 'App\\Models\\User', 412),
	(2, 'App\\Models\\User', 413),
	(2, 'App\\Models\\User', 414),
	(2, 'App\\Models\\User', 415),
	(2, 'App\\Models\\User', 416),
	(2, 'App\\Models\\User', 417),
	(2, 'App\\Models\\User', 418),
	(2, 'App\\Models\\User', 419),
	(2, 'App\\Models\\User', 420),
	(2, 'App\\Models\\User', 421),
	(2, 'App\\Models\\User', 422),
	(2, 'App\\Models\\User', 423),
	(2, 'App\\Models\\User', 424),
	(2, 'App\\Models\\User', 427),
	(2, 'App\\Models\\User', 428),
	(2, 'App\\Models\\User', 429),
	(2, 'App\\Models\\User', 430),
	(2, 'App\\Models\\User', 431),
	(2, 'App\\Models\\User', 432),
	(2, 'App\\Models\\User', 433),
	(2, 'App\\Models\\User', 434),
	(2, 'App\\Models\\User', 435),
	(2, 'App\\Models\\User', 436),
	(2, 'App\\Models\\User', 437),
	(2, 'App\\Models\\User', 438),
	(2, 'App\\Models\\User', 439),
	(2, 'App\\Models\\User', 440),
	(2, 'App\\Models\\User', 441),
	(2, 'App\\Models\\User', 442),
	(2, 'App\\Models\\User', 443),
	(2, 'App\\Models\\User', 444),
	(2, 'App\\Models\\User', 445),
	(2, 'App\\Models\\User', 446),
	(2, 'App\\Models\\User', 447),
	(2, 'App\\Models\\User', 448),
	(2, 'App\\Models\\User', 449),
	(2, 'App\\Models\\User', 450),
	(2, 'App\\Models\\User', 451),
	(2, 'App\\Models\\User', 452),
	(2, 'App\\Models\\User', 453),
	(2, 'App\\Models\\User', 454),
	(2, 'App\\Models\\User', 455),
	(2, 'App\\Models\\User', 456),
	(2, 'App\\Models\\User', 457),
	(2, 'App\\Models\\User', 458),
	(2, 'App\\Models\\User', 459),
	(2, 'App\\Models\\User', 460),
	(2, 'App\\Models\\User', 461),
	(2, 'App\\Models\\User', 462),
	(2, 'App\\Models\\User', 463),
	(2, 'App\\Models\\User', 464),
	(2, 'App\\Models\\User', 465),
	(2, 'App\\Models\\User', 466),
	(2, 'App\\Models\\User', 467),
	(2, 'App\\Models\\User', 468),
	(2, 'App\\Models\\User', 469),
	(2, 'App\\Models\\User', 470),
	(2, 'App\\Models\\User', 471),
	(2, 'App\\Models\\User', 472),
	(2, 'App\\Models\\User', 473),
	(2, 'App\\Models\\User', 474),
	(2, 'App\\Models\\User', 475),
	(2, 'App\\Models\\User', 476),
	(2, 'App\\Models\\User', 477),
	(2, 'App\\Models\\User', 478),
	(2, 'App\\Models\\User', 479);

-- Dumping structure for table skripsi2.password_reset_tokens
CREATE TABLE IF NOT EXISTS `password_reset_tokens` (
  `email` varchar(255) CHARACTER SET utf8mb4 COLLATE utf8mb4_unicode_ci NOT NULL,
  `token` varchar(255) CHARACTER SET utf8mb4 COLLATE utf8mb4_unicode_ci NOT NULL,
  `created_at` timestamp NULL DEFAULT NULL,
  PRIMARY KEY (`email`)
) ENGINE=InnoDB DEFAULT CHARSET=utf8mb4 COLLATE=utf8mb4_unicode_ci;

-- Dumping data for table skripsi2.password_reset_tokens: ~0 rows (approximately)

-- Dumping structure for table skripsi2.payment_allocations
CREATE TABLE IF NOT EXISTS `payment_allocations` (
  `id` bigint unsigned NOT NULL AUTO_INCREMENT,
  `pembayaran_id` bigint unsigned NOT NULL,
  `tagihan_bulanan_id` bigint unsigned DEFAULT NULL,
  `tagihan_terjadwal_id` bigint unsigned DEFAULT NULL,
  `allocated_amount` decimal(12,0) NOT NULL,
  `allocation_order` tinyint NOT NULL,
  `created_at` timestamp NULL DEFAULT NULL,
  `updated_at` timestamp NULL DEFAULT NULL,
  PRIMARY KEY (`id`),
  KEY `payment_allocations_tagihan_bulanan_id_foreign` (`tagihan_bulanan_id`),
  KEY `payment_allocations_tagihan_terjadwal_id_foreign` (`tagihan_terjadwal_id`),
  KEY `idx_payment_allocation_order` (`pembayaran_id`,`allocation_order`),
  CONSTRAINT `payment_allocations_pembayaran_id_foreign` FOREIGN KEY (`pembayaran_id`) REFERENCES `pembayarans` (`id_pembayaran`) ON DELETE CASCADE,
  CONSTRAINT `payment_allocations_tagihan_bulanan_id_foreign` FOREIGN KEY (`tagihan_bulanan_id`) REFERENCES `tagihan_bulanans` (`id_tagihan_bulanan`) ON DELETE SET NULL,
  CONSTRAINT `payment_allocations_tagihan_terjadwal_id_foreign` FOREIGN KEY (`tagihan_terjadwal_id`) REFERENCES `tagihan_terjadwals` (`id_tagihan_terjadwal`) ON DELETE SET NULL
) ENGINE=InnoDB AUTO_INCREMENT=73 DEFAULT CHARSET=utf8mb4 COLLATE=utf8mb4_unicode_ci;

-- Dumping data for table skripsi2.payment_allocations: ~29 rows (approximately)
INSERT INTO `payment_allocations` (`id`, `pembayaran_id`, `tagihan_bulanan_id`, `tagihan_terjadwal_id`, `allocated_amount`, `allocation_order`, `created_at`, `updated_at`) VALUES
	(31, 39, NULL, NULL, 450000, 1, '2025-06-23 03:27:07', '2025-06-23 03:27:07'),
	(32, 39, NULL, NULL, 50000, 2, '2025-06-23 03:27:07', '2025-06-23 03:27:07'),
	(33, 40, NULL, NULL, 200000, 1, '2025-06-23 04:00:16', '2025-06-23 04:00:16'),
	(34, 41, NULL, NULL, 50000, 1, '2025-06-23 04:06:28', '2025-06-23 04:06:28'),
	(35, 42, NULL, NULL, 150000, 1, '2025-06-23 04:08:49', '2025-06-23 04:08:49'),
	(36, 43, NULL, NULL, 100000, 1, '2025-06-23 04:09:08', '2025-06-23 04:09:08'),
	(37, 44, NULL, NULL, 50000, 1, '2025-06-23 04:51:08', '2025-06-23 04:51:08'),
	(38, 45, NULL, NULL, 350000, 1, '2025-06-23 04:56:51', '2025-06-23 04:56:51'),
	(39, 45, NULL, NULL, 50000, 2, '2025-06-23 04:56:51', '2025-06-23 04:56:51'),
	(40, 46, NULL, NULL, 100000, 1, '2025-06-23 05:26:42', '2025-06-23 05:26:42'),
	(41, 47, NULL, NULL, 100000, 1, '2025-06-23 05:37:48', '2025-06-23 05:37:48'),
	(42, 48, NULL, NULL, 300000, 1, '2025-06-23 05:44:24', '2025-06-23 05:44:24'),
	(43, 48, NULL, NULL, 50000, 2, '2025-06-23 05:44:24', '2025-06-23 05:44:24'),
	(44, 49, NULL, NULL, 450000, 1, '2025-06-23 09:50:49', '2025-06-23 09:50:49'),
	(45, 50, NULL, NULL, 270000, 1, '2025-06-23 09:51:38', '2025-06-23 09:51:38'),
	(46, 50, NULL, NULL, 270000, 2, '2025-06-23 09:51:38', '2025-06-23 09:51:38'),
	(47, 50, NULL, NULL, 270000, 3, '2025-06-23 09:51:38', '2025-06-23 09:51:38'),
	(48, 50, NULL, NULL, 270000, 4, '2025-06-23 09:51:38', '2025-06-23 09:51:38'),
	(49, 55, NULL, NULL, 270000, 1, '2025-06-30 07:52:18', '2025-06-30 07:52:18'),
	(50, 56, NULL, NULL, 250000, 1, '2025-06-30 07:52:19', '2025-06-30 07:52:19'),
	(51, 57, NULL, NULL, 250000, 1, '2025-06-30 07:53:14', '2025-06-30 07:53:14'),
	(52, 58, NULL, NULL, 20000, 1, '2025-06-30 07:57:53', '2025-06-30 07:57:53'),
	(53, 59, NULL, NULL, 30000, 1, '2025-06-30 07:58:27', '2025-06-30 07:58:27'),
	(54, 60, NULL, NULL, 50000, 1, '2025-06-30 22:51:57', '2025-06-30 22:51:57'),
	(55, 61, NULL, NULL, 50000, 1, '2025-06-30 22:51:57', '2025-06-30 22:51:57'),
	(56, 68, NULL, NULL, 50000, 1, '2025-07-01 16:49:19', '2025-07-01 16:49:19'),
	(57, 69, NULL, NULL, 1, 1, '2025-07-01 20:23:39', '2025-07-01 20:23:39'),
	(58, 70, NULL, NULL, 25000, 1, '2025-07-02 11:38:06', '2025-07-02 11:38:06'),
	(59, 71, 220, NULL, 50000, 1, '2025-07-05 04:21:22', '2025-07-05 04:21:22'),
	(60, 72, 220, NULL, 50000, 1, '2025-07-05 05:35:58', '2025-07-05 05:35:58'),
	(65, 77, 220, NULL, 150000, 1, '2025-07-05 17:02:56', '2025-07-05 17:02:56'),
	(68, 79, 556, NULL, 450000, 1, '2025-07-05 17:46:22', '2025-07-05 17:46:22'),
	(69, 79, NULL, 87, 1500000, 2, '2025-07-05 17:46:22', '2025-07-05 17:46:22'),
	(70, 80, 557, NULL, 450000, 1, '2025-07-05 17:48:18', '2025-07-05 17:48:18'),
	(71, 81, 221, NULL, 250000, 1, '2025-07-05 17:48:48', '2025-07-05 17:48:48'),
	(72, 81, 222, NULL, 250000, 2, '2025-07-05 17:48:48', '2025-07-05 17:48:48');

-- Dumping structure for table skripsi2.pembayarans
CREATE TABLE IF NOT EXISTS `pembayarans` (
  `id_pembayaran` bigint unsigned NOT NULL AUTO_INCREMENT,
  `tagihan_bulanan_id` bigint unsigned DEFAULT NULL,
  `tagihan_terjadwal_id` bigint unsigned DEFAULT NULL,
  `nominal_pembayaran` double NOT NULL,
  `tanggal_pembayaran` datetime NOT NULL,
  `payment_note` varchar(255) COLLATE utf8mb4_unicode_ci DEFAULT NULL COMMENT 'Catatan pembayaran, misal: cicilan 1 dari 3',
  `receipt_number` varchar(30) COLLATE utf8mb4_unicode_ci DEFAULT NULL COMMENT 'Format: KWT/YYYY/MM/XXXX',
  `created_by_id` bigint unsigned NOT NULL,
  `payment_type` enum('single','allocated') COLLATE utf8mb4_unicode_ci NOT NULL DEFAULT 'single',
  `total_allocations` int NOT NULL DEFAULT '0',
  `is_void` tinyint(1) NOT NULL DEFAULT '0',
  `voided_at` timestamp NULL DEFAULT NULL,
  `voided_by` bigint unsigned DEFAULT NULL,
  `void_reason` text COLLATE utf8mb4_unicode_ci,
  `created_at` timestamp NULL DEFAULT NULL,
  `updated_at` timestamp NULL DEFAULT NULL,
  PRIMARY KEY (`id_pembayaran`),
  KEY `pembayarans_tagihan_bulanan_id_foreign` (`tagihan_bulanan_id`),
  KEY `pembayarans_tagihan_terjadwal_id_foreign` (`tagihan_terjadwal_id`),
  KEY `pembayarans_created_by_id_foreign` (`created_by_id`),
  KEY `idx_pembayaran_tagihan_terjadwal` (`tagihan_terjadwal_id`),
  KEY `idx_pembayaran_tagihan_bulanan` (`tagihan_bulanan_id`),
  KEY `idx_pembayaran_tanggal` (`tanggal_pembayaran`),
  KEY `idx_pembayaran_bulanan` (`tagihan_bulanan_id`,`created_at`),
  KEY `idx_pembayaran_date` (`created_at`),
  KEY `pembayarans_voided_by_foreign` (`voided_by`),
  CONSTRAINT `pembayarans_created_by_id_foreign` FOREIGN KEY (`created_by_id`) REFERENCES `users` (`id_user`) ON DELETE CASCADE,
  CONSTRAINT `pembayarans_tagihan_bulanan_id_foreign` FOREIGN KEY (`tagihan_bulanan_id`) REFERENCES `tagihan_bulanans` (`id_tagihan_bulanan`) ON DELETE CASCADE,
  CONSTRAINT `pembayarans_tagihan_terjadwal_id_foreign` FOREIGN KEY (`tagihan_terjadwal_id`) REFERENCES `tagihan_terjadwals` (`id_tagihan_terjadwal`) ON DELETE CASCADE,
  CONSTRAINT `pembayarans_voided_by_foreign` FOREIGN KEY (`voided_by`) REFERENCES `users` (`id_user`) ON DELETE SET NULL
) ENGINE=InnoDB AUTO_INCREMENT=82 DEFAULT CHARSET=utf8mb4 COLLATE=utf8mb4_unicode_ci;

-- Dumping data for table skripsi2.pembayarans: ~29 rows (approximately)
INSERT INTO `pembayarans` (`id_pembayaran`, `tagihan_bulanan_id`, `tagihan_terjadwal_id`, `nominal_pembayaran`, `tanggal_pembayaran`, `payment_note`, `receipt_number`, `created_by_id`, `payment_type`, `total_allocations`, `is_void`, `voided_at`, `voided_by`, `void_reason`, `created_at`, `updated_at`) VALUES
	(39, NULL, NULL, 500000, '2025-06-23 00:00:00', NULL, 'KWT/2025/06/0034', 9, 'allocated', 2, 0, NULL, NULL, NULL, '2025-06-23 03:27:07', '2025-06-23 03:27:07'),
	(40, NULL, NULL, 200000, '2025-06-23 00:00:00', NULL, 'KWT/2025/06/0035', 9, 'allocated', 1, 0, NULL, NULL, NULL, '2025-06-23 04:00:16', '2025-06-23 04:00:16'),
	(41, NULL, NULL, 50000, '2025-06-23 00:00:00', NULL, 'KWT/2025/06/0036', 9, 'allocated', 1, 0, NULL, NULL, NULL, '2025-06-23 04:06:28', '2025-06-23 04:06:28'),
	(42, NULL, NULL, 200000, '2025-06-23 00:00:00', NULL, 'KWT/2025/06/0037', 9, 'allocated', 1, 0, NULL, NULL, NULL, '2025-06-23 04:08:49', '2025-06-23 04:08:49'),
	(43, NULL, NULL, 100000, '2025-06-23 00:00:00', NULL, 'KWT/2025/06/0038', 9, 'allocated', 1, 0, NULL, NULL, NULL, '2025-06-23 04:09:08', '2025-06-23 04:09:08'),
	(44, NULL, NULL, 50000, '2025-06-23 00:00:00', NULL, 'KWT/2025/06/0039', 9, 'allocated', 1, 0, NULL, NULL, NULL, '2025-06-23 04:51:08', '2025-06-23 04:51:08'),
	(45, NULL, NULL, 400000, '2025-06-23 00:00:00', NULL, 'KWT/2025/06/0040', 9, 'allocated', 2, 0, NULL, NULL, NULL, '2025-06-23 04:56:51', '2025-06-23 04:56:51'),
	(46, NULL, NULL, 100000, '2025-06-23 00:00:00', NULL, 'KWT/2025/06/0041', 9, 'allocated', 1, 0, NULL, NULL, NULL, '2025-06-23 05:26:42', '2025-06-23 05:26:42'),
	(47, NULL, NULL, 100000, '2025-06-23 00:00:00', 'ra nde det', 'KWT/2025/06/0042', 9, 'allocated', 1, 0, NULL, NULL, NULL, '2025-06-23 05:37:48', '2025-06-23 05:37:48'),
	(48, NULL, NULL, 350000, '2025-06-23 00:00:00', NULL, 'KWT/2025/06/0043', 9, 'allocated', 2, 0, NULL, NULL, NULL, '2025-06-23 05:44:24', '2025-06-23 05:44:24'),
	(49, NULL, NULL, 450000, '2025-06-23 00:00:00', NULL, 'KWT/2025/06/0044', 9, 'allocated', 1, 0, NULL, NULL, NULL, '2025-06-23 09:50:49', '2025-06-23 09:50:49'),
	(50, NULL, NULL, 1080000, '2025-06-23 00:00:00', NULL, 'KWT/2025/06/0045', 9, 'allocated', 4, 0, NULL, NULL, NULL, '2025-06-23 09:51:38', '2025-06-23 09:51:38'),
	(55, NULL, NULL, 300000, '2025-06-30 14:52:18', 'Pembayaran Massal Bulanan', 'KWT/2025/06/0046', 9, 'allocated', 1, 0, NULL, NULL, NULL, '2025-06-30 07:52:18', '2025-06-30 07:52:18'),
	(56, NULL, NULL, 300000, '2025-06-30 14:52:19', 'Pembayaran Massal Bulanan', 'KWT/2025/06/0047', 9, 'allocated', 1, 0, NULL, NULL, NULL, '2025-06-30 07:52:19', '2025-06-30 07:52:19'),
	(57, NULL, NULL, 250000, '2025-06-30 14:53:14', 'Pembayaran Massal Bulanan', 'KWT/2025/06/0048', 9, 'allocated', 1, 0, NULL, NULL, NULL, '2025-06-30 07:53:14', '2025-06-30 07:53:14'),
	(58, NULL, NULL, 20000, '2025-06-30 14:57:53', 'Pembayaran Massal Bulanan', 'KWT/2025/06/0049', 9, 'allocated', 1, 0, NULL, NULL, NULL, '2025-06-30 07:57:53', '2025-06-30 07:57:53'),
	(59, NULL, NULL, 30000, '2025-06-30 14:58:27', 'Pembayaran Massal Bulanan', 'KWT/2025/06/0050', 9, 'allocated', 1, 0, NULL, NULL, NULL, '2025-06-30 07:58:27', '2025-06-30 07:58:27'),
	(60, NULL, NULL, 50000, '2025-07-01 05:51:57', 'Pembayaran massal bulanan', 'KWT/2025/07/0001', 9, 'allocated', 50000, 0, NULL, NULL, NULL, '2025-06-30 22:51:57', '2025-06-30 22:51:57'),
	(61, NULL, NULL, 50000, '2025-07-01 05:51:57', 'Pembayaran massal bulanan', 'KWT/2025/07/0002', 9, 'allocated', 50000, 0, NULL, NULL, NULL, '2025-06-30 22:51:57', '2025-06-30 22:51:57'),
	(62, NULL, NULL, 50000, '2025-07-01 06:13:16', 'Pembayaran massal terjadwal', 'KWT/2025/07/0003', 9, 'allocated', 0, 0, NULL, NULL, NULL, '2025-06-30 23:13:16', '2025-06-30 23:13:16'),
	(63, NULL, NULL, 50000, '2025-07-01 06:13:16', 'Pembayaran massal terjadwal', 'KWT/2025/07/0004', 9, 'allocated', 0, 0, NULL, NULL, NULL, '2025-06-30 23:13:16', '2025-06-30 23:13:16'),
	(64, NULL, NULL, 50000, '2025-07-01 06:13:16', 'Pembayaran massal terjadwal', 'KWT/2025/07/0005', 9, 'allocated', 0, 0, NULL, NULL, NULL, '2025-06-30 23:13:16', '2025-06-30 23:13:16'),
	(65, NULL, NULL, 50000, '2025-07-01 06:13:51', 'Pembayaran massal terjadwal', 'KWT/2025/07/0006', 9, 'allocated', 0, 0, NULL, NULL, NULL, '2025-06-30 23:13:51', '2025-06-30 23:13:51'),
	(66, NULL, NULL, 50000, '2025-07-01 06:14:44', 'Pembayaran massal terjadwal', 'KWT/2025/07/0007', 9, 'allocated', 0, 0, NULL, NULL, NULL, '2025-06-30 23:14:44', '2025-06-30 23:14:44'),
	(67, NULL, NULL, 50000, '2025-07-01 06:14:44', 'Pembayaran massal terjadwal', 'KWT/2025/07/0008', 9, 'allocated', 0, 0, NULL, NULL, NULL, '2025-06-30 23:14:44', '2025-06-30 23:14:44'),
	(68, NULL, NULL, 50000, '2025-07-01 00:00:00', NULL, 'KWT/2025/07/0009', 9, 'allocated', 1, 0, NULL, NULL, NULL, '2025-07-01 16:49:19', '2025-07-01 16:49:19'),
	(69, NULL, NULL, 1, '2025-07-02 00:00:00', NULL, 'KWT/2025/07/0010', 9, 'allocated', 1, 0, NULL, NULL, NULL, '2025-07-01 20:23:39', '2025-07-01 20:23:39'),
	(70, NULL, NULL, 25000, '2025-07-02 00:00:00', NULL, 'KWT/2025/07/0011', 9, 'allocated', 1, 0, NULL, NULL, NULL, '2025-07-02 11:38:06', '2025-07-02 11:38:06'),
	(71, NULL, NULL, 50000, '2025-07-05 00:00:00', NULL, 'KWT/2025/07/0012', 9, 'allocated', 1, 0, NULL, NULL, NULL, '2025-07-05 04:21:22', '2025-07-05 04:21:22'),
	(72, NULL, NULL, 50000, '2025-07-05 00:00:00', NULL, 'KWT/2025/07/0013', 9, 'allocated', 1, 0, NULL, NULL, NULL, '2025-07-05 05:35:58', '2025-07-05 05:35:58'),
	(73, NULL, NULL, 21000, '2025-07-05 00:00:00', NULL, 'KWT/2025/07/0014', 9, 'allocated', 1, 1, '2025-07-05 08:00:01', 9, 'cekkkkkkkkkk', '2025-07-05 05:36:16', '2025-07-05 08:00:01'),
	(74, NULL, NULL, 129000, '2025-07-05 00:00:00', NULL, 'KWT/2025/07/0015', 9, 'allocated', 1, 1, '2025-07-05 07:27:57', 9, 'alasannnnnnnn', '2025-07-05 07:15:02', '2025-07-05 07:27:57'),
	(75, NULL, NULL, 129000, '2025-07-05 00:00:00', 'catatannnnnnnn', 'KWT/2025/07/0016', 9, 'allocated', 1, 1, '2025-07-05 17:01:39', 9, 'cekkkkkkkk', '2025-07-05 07:29:15', '2025-07-05 17:01:39'),
	(76, NULL, NULL, 150000, '2025-07-06 00:00:00', NULL, 'KWT/2025/07/0017', 9, 'allocated', 1, 1, '2025-07-05 17:02:38', 9, 'cekkkkkkkk', '2025-07-05 17:02:22', '2025-07-05 17:02:38'),
	(77, NULL, NULL, 150000, '2025-07-06 00:00:00', NULL, 'KWT/2025/07/0018', 9, 'allocated', 1, 0, NULL, NULL, NULL, '2025-07-05 17:02:56', '2025-07-05 17:02:56'),
	(78, NULL, NULL, 1950000, '2025-07-06 00:00:00', NULL, 'KWT/2025/07/0019', 9, 'allocated', 2, 1, '2025-07-05 17:46:03', 9, 'kkkkkkkkk', '2025-07-05 17:45:37', '2025-07-05 17:46:03'),
	(79, NULL, NULL, 1950000, '2025-07-06 00:00:00', NULL, 'KWT/2025/07/0020', 9, 'allocated', 2, 0, NULL, NULL, NULL, '2025-07-05 17:46:21', '2025-07-05 17:46:21'),
	(80, NULL, NULL, 450000, '2025-07-06 00:00:00', NULL, 'KWT/2025/07/0021', 9, 'allocated', 1, 0, NULL, NULL, NULL, '2025-07-05 17:48:18', '2025-07-05 17:48:18'),
	(81, NULL, NULL, 500000, '2025-07-06 00:00:00', NULL, 'KWT/2025/07/0022', 9, 'allocated', 2, 0, NULL, NULL, NULL, '2025-07-05 17:48:48', '2025-07-05 17:48:48');

-- Dumping structure for table skripsi2.penilaian_santris
CREATE TABLE IF NOT EXISTS `penilaian_santris` (
  `id_penilaian` bigint unsigned NOT NULL AUTO_INCREMENT,
  `santri_id` bigint unsigned NOT NULL,
  `qori_kelas_id` bigint unsigned NOT NULL,
  `semester` enum('Ganjil','Genap') CHARACTER SET utf8mb4 COLLATE utf8mb4_unicode_ci NOT NULL,
  `nilai` double DEFAULT NULL,
  `created_at` timestamp NULL DEFAULT NULL,
  `updated_at` timestamp NULL DEFAULT NULL,
  PRIMARY KEY (`id_penilaian`),
  KEY `penilaian_santris_santri_id_foreign` (`santri_id`),
  KEY `penilaian_santris_qori_kelas_id_foreign` (`qori_kelas_id`),
  CONSTRAINT `penilaian_santris_qori_kelas_id_foreign` FOREIGN KEY (`qori_kelas_id`) REFERENCES `qori_kelas` (`id_qori_kelas`) ON DELETE CASCADE,
  CONSTRAINT `penilaian_santris_santri_id_foreign` FOREIGN KEY (`santri_id`) REFERENCES `santris` (`id_santri`) ON DELETE CASCADE
) ENGINE=InnoDB DEFAULT CHARSET=utf8mb4 COLLATE=utf8mb4_unicode_ci;

-- Dumping data for table skripsi2.penilaian_santris: ~0 rows (approximately)

-- Dumping structure for table skripsi2.permissions
CREATE TABLE IF NOT EXISTS `permissions` (
  `id` bigint unsigned NOT NULL AUTO_INCREMENT,
  `name` varchar(255) CHARACTER SET utf8mb4 COLLATE utf8mb4_unicode_ci NOT NULL,
  `guard_name` varchar(255) CHARACTER SET utf8mb4 COLLATE utf8mb4_unicode_ci NOT NULL,
  `created_at` timestamp NULL DEFAULT NULL,
  `updated_at` timestamp NULL DEFAULT NULL,
  PRIMARY KEY (`id`),
  UNIQUE KEY `permissions_name_guard_name_unique` (`name`,`guard_name`)
) ENGINE=InnoDB AUTO_INCREMENT=88 DEFAULT CHARSET=utf8mb4 COLLATE=utf8mb4_unicode_ci;

-- Dumping data for table skripsi2.permissions: ~87 rows (approximately)
INSERT INTO `permissions` (`id`, `name`, `guard_name`, `created_at`, `updated_at`) VALUES
	(1, 'dashboard.view', 'web', '2025-07-01 10:39:05', '2025-07-01 10:39:05'),
	(2, 'profile.view', 'web', '2025-07-01 10:39:05', '2025-07-01 10:39:05'),
	(3, 'profile.edit', 'web', '2025-07-01 10:39:05', '2025-07-01 10:39:05'),
	(4, 'santri.view', 'web', '2025-07-01 10:39:05', '2025-07-01 10:39:05'),
	(5, 'santri.create', 'web', '2025-07-01 10:39:05', '2025-07-01 10:39:05'),
	(6, 'santri.edit', 'web', '2025-07-01 10:39:05', '2025-07-01 10:39:05'),
	(7, 'santri.delete', 'web', '2025-07-01 10:39:05', '2025-07-01 10:39:05'),
	(8, 'santri.import', 'web', '2025-07-01 10:39:05', '2025-07-01 10:39:05'),
	(9, 'user.view', 'web', '2025-07-01 10:39:05', '2025-07-01 10:39:05'),
	(10, 'user.create', 'web', '2025-07-01 10:39:05', '2025-07-01 10:39:05'),
	(11, 'user.edit', 'web', '2025-07-01 10:39:05', '2025-07-01 10:39:05'),
	(12, 'user.delete', 'web', '2025-07-01 10:39:05', '2025-07-01 10:39:05'),
	(13, 'user.import', 'web', '2025-07-01 10:39:05', '2025-07-01 10:39:05'),
	(14, 'roles.view', 'web', '2025-07-01 10:39:06', '2025-07-01 10:39:06'),
	(15, 'roles.create', 'web', '2025-07-01 10:39:06', '2025-07-01 10:39:06'),
	(16, 'roles.edit', 'web', '2025-07-01 10:39:06', '2025-07-01 10:39:06'),
	(17, 'roles.delete', 'web', '2025-07-01 10:39:06', '2025-07-01 10:39:06'),
	(18, 'permissions.view', 'web', '2025-07-01 10:39:06', '2025-07-01 10:39:06'),
	(19, 'permissions.create', 'web', '2025-07-01 10:39:06', '2025-07-01 10:39:06'),
	(20, 'permissions.edit', 'web', '2025-07-01 10:39:06', '2025-07-01 10:39:06'),
	(21, 'permissions.delete', 'web', '2025-07-01 10:39:06', '2025-07-01 10:39:06'),
	(22, 'biaya-santri.view', 'web', '2025-07-01 10:39:06', '2025-07-01 10:39:06'),
	(23, 'biaya-santri.create', 'web', '2025-07-01 10:39:06', '2025-07-01 10:39:06'),
	(24, 'biaya-santri.edit', 'web', '2025-07-01 10:39:06', '2025-07-01 10:39:06'),
	(25, 'biaya-santri.delete', 'web', '2025-07-01 10:39:06', '2025-07-01 10:39:06'),
	(26, 'daftar-biaya.view', 'web', '2025-07-01 10:39:06', '2025-07-01 10:39:06'),
	(27, 'daftar-biaya.create', 'web', '2025-07-01 10:39:06', '2025-07-01 10:39:06'),
	(28, 'daftar-biaya.edit', 'web', '2025-07-01 10:39:06', '2025-07-01 10:39:06'),
	(29, 'daftar-biaya.delete', 'web', '2025-07-01 10:39:06', '2025-07-01 10:39:06'),
	(30, 'kategori-biaya.view', 'web', '2025-07-01 10:39:06', '2025-07-01 10:39:06'),
	(31, 'kategori-biaya.create', 'web', '2025-07-01 10:39:06', '2025-07-01 10:39:06'),
	(32, 'kategori-biaya.edit', 'web', '2025-07-01 10:39:06', '2025-07-01 10:39:06'),
	(33, 'kategori-biaya.delete', 'web', '2025-07-01 10:39:06', '2025-07-01 10:39:06'),
	(34, 'tagihan-terjadwal.view', 'web', '2025-07-01 10:39:06', '2025-07-01 10:39:06'),
	(35, 'tagihan-terjadwal.create', 'web', '2025-07-01 10:39:06', '2025-07-01 10:39:06'),
	(36, 'tagihan-terjadwal.edit', 'web', '2025-07-01 10:39:06', '2025-07-01 10:39:06'),
	(37, 'tagihan-terjadwal.delete', 'web', '2025-07-01 10:39:06', '2025-07-01 10:39:06'),
	(38, 'tagihan-terjadwal.export', 'web', '2025-07-01 10:39:06', '2025-07-01 10:39:06'),
	(39, 'tagihan-bulanan.view', 'web', '2025-07-01 10:39:06', '2025-07-01 10:39:06'),
	(40, 'tagihan-bulanan.create', 'web', '2025-07-01 10:39:06', '2025-07-01 10:39:06'),
	(41, 'tagihan-bulanan.edit', 'web', '2025-07-01 10:39:06', '2025-07-01 10:39:06'),
	(42, 'tagihan-bulanan.delete', 'web', '2025-07-01 10:39:06', '2025-07-01 10:39:06'),
	(43, 'tagihan-bulanan.export', 'web', '2025-07-01 10:39:06', '2025-07-01 10:39:06'),
	(44, 'tambahan-bulanan.view', 'web', '2025-07-01 10:39:06', '2025-07-01 10:39:06'),
	(45, 'tambahan-bulanan.create', 'web', '2025-07-01 10:39:06', '2025-07-01 10:39:06'),
	(46, 'tambahan-bulanan.edit', 'web', '2025-07-01 10:39:06', '2025-07-01 10:39:06'),
	(47, 'tambahan-bulanan.delete', 'web', '2025-07-01 10:39:06', '2025-07-01 10:39:06'),
	(48, 'item-santri.view', 'web', '2025-07-01 10:39:06', '2025-07-01 10:39:06'),
	(49, 'item-santri.edit', 'web', '2025-07-01 10:39:06', '2025-07-01 10:39:06'),
	(50, 'pembayaran.list', 'web', '2025-07-01 10:39:06', '2025-07-01 10:39:06'),
	(51, 'pembayaran.create', 'web', '2025-07-01 10:39:06', '2025-07-01 10:39:06'),
	(52, 'pembayaran.view', 'web', '2025-07-01 10:39:06', '2025-07-01 10:39:06'),
	(53, 'pembayaran.void', 'web', '2025-07-01 10:39:06', '2025-07-01 10:39:06'),
	(54, 'pembayaran.bulk', 'web', '2025-07-01 10:39:06', '2025-07-01 10:39:06'),
	(55, 'pembayaran.history', 'web', '2025-07-01 10:39:06', '2025-07-01 10:39:06'),
	(56, 'kelas.view', 'web', '2025-07-01 10:39:06', '2025-07-01 10:39:06'),
	(57, 'kelas.create', 'web', '2025-07-01 10:39:06', '2025-07-01 10:39:06'),
	(58, 'kelas.edit', 'web', '2025-07-01 10:39:06', '2025-07-01 10:39:06'),
	(59, 'kelas.delete', 'web', '2025-07-01 10:39:06', '2025-07-01 10:39:06'),
	(60, 'mapel.view', 'web', '2025-07-01 10:39:06', '2025-07-01 10:39:06'),
	(61, 'mapel.create', 'web', '2025-07-01 10:39:06', '2025-07-01 10:39:06'),
	(62, 'mapel.edit', 'web', '2025-07-01 10:39:06', '2025-07-01 10:39:06'),
	(63, 'mapel.delete', 'web', '2025-07-01 10:39:06', '2025-07-01 10:39:06'),
	(64, 'mapel-kelas.view', 'web', '2025-07-01 10:39:06', '2025-07-01 10:39:06'),
	(65, 'mapel-kelas.create', 'web', '2025-07-01 10:39:06', '2025-07-01 10:39:06'),
	(66, 'mapel-kelas.edit', 'web', '2025-07-01 10:39:06', '2025-07-01 10:39:06'),
	(67, 'mapel-kelas.delete', 'web', '2025-07-01 10:39:06', '2025-07-01 10:39:06'),
	(68, 'tahun-ajar.view', 'web', '2025-07-01 10:39:06', '2025-07-01 10:39:06'),
	(69, 'tahun-ajar.create', 'web', '2025-07-01 10:39:06', '2025-07-01 10:39:06'),
	(70, 'tahun-ajar.edit', 'web', '2025-07-01 10:39:06', '2025-07-01 10:39:06'),
	(71, 'tahun-ajar.delete', 'web', '2025-07-01 10:39:06', '2025-07-01 10:39:06'),
	(72, 'qori-kelas.view', 'web', '2025-07-01 10:39:06', '2025-07-01 10:39:06'),
	(73, 'qori-kelas.create', 'web', '2025-07-01 10:39:06', '2025-07-01 10:39:06'),
	(74, 'qori-kelas.edit', 'web', '2025-07-01 10:39:06', '2025-07-01 10:39:06'),
	(75, 'qori-kelas.delete', 'web', '2025-07-01 10:39:06', '2025-07-01 10:39:06'),
	(76, 'riwayat-kelas.view', 'web', '2025-07-01 10:39:06', '2025-07-01 10:39:06'),
	(77, 'riwayat-kelas.create', 'web', '2025-07-01 10:39:07', '2025-07-01 10:39:07'),
	(78, 'riwayat-kelas.edit', 'web', '2025-07-01 10:39:07', '2025-07-01 10:39:07'),
	(79, 'riwayat-kelas.delete', 'web', '2025-07-01 10:39:07', '2025-07-01 10:39:07'),
	(80, 'ustadz.view', 'web', '2025-07-01 10:39:07', '2025-07-01 10:39:07'),
	(81, 'ustadz.create', 'web', '2025-07-01 10:39:07', '2025-07-01 10:39:07'),
	(82, 'ustadz.edit', 'web', '2025-07-01 10:39:07', '2025-07-01 10:39:07'),
	(83, 'ustadz.delete', 'web', '2025-07-01 10:39:07', '2025-07-01 10:39:07'),
	(84, 'penugasan-ustadz.view', 'web', '2025-07-01 10:39:07', '2025-07-01 10:39:07'),
	(85, 'penugasan-ustadz.create', 'web', '2025-07-01 10:39:07', '2025-07-01 10:39:07'),
	(86, 'penugasan-ustadz.edit', 'web', '2025-07-01 10:39:07', '2025-07-01 10:39:07'),
	(87, 'penugasan-ustadz.delete', 'web', '2025-07-01 10:39:07', '2025-07-01 10:39:07');

-- Dumping structure for table skripsi2.qori_kelas
CREATE TABLE IF NOT EXISTS `qori_kelas` (
  `id_qori_kelas` bigint unsigned NOT NULL AUTO_INCREMENT,
  `nis` varchar(255) CHARACTER SET utf8mb4 COLLATE utf8mb4_unicode_ci NOT NULL,
  `created_at` timestamp NULL DEFAULT NULL,
  `updated_at` timestamp NULL DEFAULT NULL,
  `status` enum('aktif','non_aktif') CHARACTER SET utf8mb4 COLLATE utf8mb4_unicode_ci DEFAULT NULL,
  PRIMARY KEY (`id_qori_kelas`),
  UNIQUE KEY `nis` (`nis`),
  CONSTRAINT `qori_kelas_nis_foreign` FOREIGN KEY (`nis`) REFERENCES `santris` (`nis`) ON DELETE CASCADE
) ENGINE=InnoDB AUTO_INCREMENT=16 DEFAULT CHARSET=utf8mb4 COLLATE=utf8mb4_unicode_ci;

-- Dumping data for table skripsi2.qori_kelas: ~3 rows (approximately)
INSERT INTO `qori_kelas` (`id_qori_kelas`, `nis`, `created_at`, `updated_at`, `status`) VALUES
	(15, '241040', '2025-07-06 03:24:50', '2025-07-06 03:24:50', 'aktif');

-- Dumping structure for table skripsi2.riwayat_kelas
CREATE TABLE IF NOT EXISTS `riwayat_kelas` (
  `id_riwayat_kelas` bigint unsigned NOT NULL AUTO_INCREMENT,
  `santri_id` bigint unsigned NOT NULL,
  `mapel_kelas_id` bigint unsigned NOT NULL,
  `created_at` timestamp NULL DEFAULT NULL,
  `updated_at` timestamp NULL DEFAULT NULL,
  PRIMARY KEY (`id_riwayat_kelas`),
  KEY `riwayat_kelas_santri_id_foreign` (`santri_id`),
  KEY `mapel_kelas_id` (`mapel_kelas_id`),
  CONSTRAINT `mapel_kelas` FOREIGN KEY (`mapel_kelas_id`) REFERENCES `mapel_kelas` (`id_mapel_kelas`) ON DELETE CASCADE,
  CONSTRAINT `riwayat_kelas_santri_id_foreign` FOREIGN KEY (`santri_id`) REFERENCES `santris` (`id_santri`) ON DELETE CASCADE
) ENGINE=InnoDB AUTO_INCREMENT=16 DEFAULT CHARSET=utf8mb4 COLLATE=utf8mb4_unicode_ci;

-- Dumping data for table skripsi2.riwayat_kelas: ~4 rows (approximately)
INSERT INTO `riwayat_kelas` (`id_riwayat_kelas`, `santri_id`, `mapel_kelas_id`, `created_at`, `updated_at`) VALUES
	(14, 361, 11, '2025-07-06 03:25:40', '2025-07-06 03:25:40'),
	(15, 347, 15, '2025-07-06 03:25:55', '2025-07-06 03:25:55');

-- Dumping structure for table skripsi2.roles
CREATE TABLE IF NOT EXISTS `roles` (
  `id` bigint unsigned NOT NULL AUTO_INCREMENT,
  `name` varchar(255) CHARACTER SET utf8mb4 COLLATE utf8mb4_unicode_ci NOT NULL,
  `guard_name` varchar(255) CHARACTER SET utf8mb4 COLLATE utf8mb4_unicode_ci NOT NULL,
  `created_at` timestamp NULL DEFAULT NULL,
  `updated_at` timestamp NULL DEFAULT NULL,
  PRIMARY KEY (`id`),
  UNIQUE KEY `roles_name_guard_name_unique` (`name`,`guard_name`)
) ENGINE=InnoDB AUTO_INCREMENT=4 DEFAULT CHARSET=utf8mb4 COLLATE=utf8mb4_unicode_ci;

-- Dumping data for table skripsi2.roles: ~3 rows (approximately)
INSERT INTO `roles` (`id`, `name`, `guard_name`, `created_at`, `updated_at`) VALUES
	(1, 'admin', 'web', '2025-07-01 10:39:07', '2025-07-01 10:39:07'),
	(2, 'santri', 'web', '2025-07-01 10:39:07', '2025-07-01 10:39:07'),
	(3, 'ustadz', 'web', '2025-07-01 10:39:07', '2025-07-01 10:39:07');

-- Dumping structure for table skripsi2.role_has_permissions
CREATE TABLE IF NOT EXISTS `role_has_permissions` (
  `permission_id` bigint unsigned NOT NULL,
  `role_id` bigint unsigned NOT NULL,
  PRIMARY KEY (`permission_id`,`role_id`),
  KEY `role_has_permissions_role_id_foreign` (`role_id`),
  CONSTRAINT `role_has_permissions_permission_id_foreign` FOREIGN KEY (`permission_id`) REFERENCES `permissions` (`id`) ON DELETE CASCADE,
  CONSTRAINT `role_has_permissions_role_id_foreign` FOREIGN KEY (`role_id`) REFERENCES `roles` (`id`) ON DELETE CASCADE
) ENGINE=InnoDB DEFAULT CHARSET=utf8mb4 COLLATE=utf8mb4_unicode_ci;

-- Dumping data for table skripsi2.role_has_permissions: ~109 rows (approximately)
INSERT INTO `role_has_permissions` (`permission_id`, `role_id`) VALUES
	(1, 1),
	(2, 1),
	(3, 1),
	(4, 1),
	(5, 1),
	(6, 1),
	(7, 1),
	(8, 1),
	(9, 1),
	(10, 1),
	(11, 1),
	(12, 1),
	(13, 1),
	(14, 1),
	(15, 1),
	(16, 1),
	(17, 1),
	(18, 1),
	(19, 1),
	(20, 1),
	(21, 1),
	(22, 1),
	(23, 1),
	(24, 1),
	(25, 1),
	(26, 1),
	(27, 1),
	(28, 1),
	(29, 1),
	(30, 1),
	(31, 1),
	(32, 1),
	(33, 1),
	(34, 1),
	(35, 1),
	(36, 1),
	(37, 1),
	(38, 1),
	(39, 1),
	(40, 1),
	(41, 1),
	(42, 1),
	(43, 1),
	(44, 1),
	(45, 1),
	(46, 1),
	(47, 1),
	(48, 1),
	(49, 1),
	(50, 1),
	(51, 1),
	(52, 1),
	(53, 1),
	(54, 1),
	(55, 1),
	(56, 1),
	(57, 1),
	(58, 1),
	(59, 1),
	(60, 1),
	(61, 1),
	(62, 1),
	(63, 1),
	(64, 1),
	(65, 1),
	(66, 1),
	(67, 1),
	(68, 1),
	(69, 1),
	(70, 1),
	(71, 1),
	(72, 1),
	(73, 1),
	(74, 1),
	(75, 1),
	(76, 1),
	(77, 1),
	(78, 1),
	(79, 1),
	(80, 1),
	(81, 1),
	(82, 1),
	(83, 1),
	(84, 1),
	(85, 1),
	(86, 1),
	(87, 1),
	(1, 2),
	(2, 2),
	(3, 2),
	(4, 2),
	(22, 2),
	(34, 2),
	(39, 2),
	(44, 2),
	(48, 2),
	(52, 2),
	(55, 2),
	(76, 2),
	(1, 3),
	(2, 3),
	(3, 3),
	(4, 3),
	(22, 3),
	(26, 3),
	(30, 3),
	(34, 3),
	(39, 3),
	(44, 3),
	(48, 3),
	(50, 3),
	(52, 3),
	(55, 3),
	(56, 3),
	(60, 3),
	(64, 3),
	(68, 3),
	(72, 3),
	(76, 3),
	(80, 3),
	(84, 3);

-- Dumping structure for table skripsi2.santris
CREATE TABLE IF NOT EXISTS `santris` (
  `id_santri` bigint unsigned NOT NULL AUTO_INCREMENT,
  `nama_santri` varchar(100) CHARACTER SET utf8mb4 COLLATE utf8mb4_unicode_ci DEFAULT NULL,
  `nis` varchar(255) CHARACTER SET utf8mb4 COLLATE utf8mb4_unicode_ci DEFAULT NULL,
  `nik` varchar(255) CHARACTER SET utf8mb4 COLLATE utf8mb4_unicode_ci DEFAULT NULL,
  `no_kk` varchar(255) CHARACTER SET utf8mb4 COLLATE utf8mb4_unicode_ci DEFAULT NULL,
  `tanggal_lahir` date DEFAULT NULL,
  `tempat_lahir` varchar(255) CHARACTER SET utf8mb4 COLLATE utf8mb4_unicode_ci DEFAULT NULL,
  `no_hp` varchar(255) CHARACTER SET utf8mb4 COLLATE utf8mb4_unicode_ci DEFAULT NULL,
  `alamat` varchar(255) CHARACTER SET utf8mb4 COLLATE utf8mb4_unicode_ci DEFAULT NULL,
  `golongan_darah` varchar(255) CHARACTER SET utf8mb4 COLLATE utf8mb4_unicode_ci DEFAULT NULL,
  `pendidikan_formal` varchar(255) CHARACTER SET utf8mb4 COLLATE utf8mb4_unicode_ci DEFAULT NULL,
  `pendidikan_non_formal` varchar(255) CHARACTER SET utf8mb4 COLLATE utf8mb4_unicode_ci DEFAULT NULL,
  `foto` varchar(255) CHARACTER SET utf8mb4 COLLATE utf8mb4_unicode_ci DEFAULT NULL,
  `foto_kk` varchar(255) CHARACTER SET utf8mb4 COLLATE utf8mb4_unicode_ci DEFAULT NULL,
  `tanggal_masuk` date DEFAULT NULL,
  `is_ustadz` tinyint(1) DEFAULT '0',
  `user_id` bigint unsigned DEFAULT NULL,
  `nama_ayah` varchar(255) CHARACTER SET utf8mb4 COLLATE utf8mb4_unicode_ci DEFAULT NULL,
  `no_hp_ayah` varchar(255) CHARACTER SET utf8mb4 COLLATE utf8mb4_unicode_ci DEFAULT NULL,
  `pekerjaan_ayah` varchar(255) CHARACTER SET utf8mb4 COLLATE utf8mb4_unicode_ci DEFAULT NULL,
  `tempat_lahir_ayah` varchar(255) CHARACTER SET utf8mb4 COLLATE utf8mb4_unicode_ci DEFAULT NULL,
  `tanggal_lahir_ayah` date DEFAULT NULL,
  `alamat_ayah` varchar(255) CHARACTER SET utf8mb4 COLLATE utf8mb4_unicode_ci DEFAULT NULL,
  `nama_ibu` varchar(255) CHARACTER SET utf8mb4 COLLATE utf8mb4_unicode_ci DEFAULT NULL,
  `no_hp_ibu` varchar(255) CHARACTER SET utf8mb4 COLLATE utf8mb4_unicode_ci DEFAULT NULL,
  `pekerjaan_ibu` varchar(255) CHARACTER SET utf8mb4 COLLATE utf8mb4_unicode_ci DEFAULT NULL,
  `alamat_ibu` varchar(255) CHARACTER SET utf8mb4 COLLATE utf8mb4_unicode_ci DEFAULT NULL,
  `tempat_lahir_ibu` varchar(255) CHARACTER SET utf8mb4 COLLATE utf8mb4_unicode_ci DEFAULT NULL,
  `tanggal_lahir_ibu` date DEFAULT NULL,
  `nama_wali` varchar(255) CHARACTER SET utf8mb4 COLLATE utf8mb4_unicode_ci DEFAULT NULL,
  `no_hp_wali` varchar(255) CHARACTER SET utf8mb4 COLLATE utf8mb4_unicode_ci DEFAULT NULL,
  `pekerjaan_wali` varchar(255) CHARACTER SET utf8mb4 COLLATE utf8mb4_unicode_ci DEFAULT NULL,
  `alamat_wali` varchar(255) CHARACTER SET utf8mb4 COLLATE utf8mb4_unicode_ci DEFAULT NULL,
  `tempat_lahir_wali` varchar(255) CHARACTER SET utf8mb4 COLLATE utf8mb4_unicode_ci DEFAULT NULL,
  `tanggal_lahir_wali` date DEFAULT NULL,
  `status` enum('aktif','non_aktif') CHARACTER SET utf8mb4 COLLATE utf8mb4_unicode_ci DEFAULT 'aktif',
  `status_reason` varchar(50) COLLATE utf8mb4_unicode_ci DEFAULT NULL COMMENT 'alumni, keluar, cuti, lainnya',
  `status_changed_at` date DEFAULT NULL,
  `status_notes` text COLLATE utf8mb4_unicode_ci,
  `tabungan` decimal(8,2) DEFAULT '0.00',
  `created_at` timestamp NULL DEFAULT NULL,
  `updated_at` timestamp NULL DEFAULT NULL,
  `jenis_kelamin` enum('L','P') COLLATE utf8mb4_unicode_ci DEFAULT NULL,
  PRIMARY KEY (`id_santri`),
  UNIQUE KEY `santris_user_id_unique` (`user_id`),
  UNIQUE KEY `santris_nis_unique` (`nis`),
  UNIQUE KEY `santris_nik_unique` (`nik`),
  CONSTRAINT `santris_user_id_foreign` FOREIGN KEY (`user_id`) REFERENCES `users` (`id_user`) ON DELETE CASCADE
) ENGINE=InnoDB AUTO_INCREMENT=396 DEFAULT CHARSET=utf8mb4 COLLATE=utf8mb4_unicode_ci;

-- Dumping data for table skripsi2.santris: ~52 rows (approximately)
INSERT INTO `santris` (`id_santri`, `nama_santri`, `nis`, `nik`, `no_kk`, `tanggal_lahir`, `tempat_lahir`, `no_hp`, `alamat`, `golongan_darah`, `pendidikan_formal`, `pendidikan_non_formal`, `foto`, `foto_kk`, `tanggal_masuk`, `is_ustadz`, `user_id`, `nama_ayah`, `no_hp_ayah`, `pekerjaan_ayah`, `tempat_lahir_ayah`, `tanggal_lahir_ayah`, `alamat_ayah`, `nama_ibu`, `no_hp_ibu`, `pekerjaan_ibu`, `alamat_ibu`, `tempat_lahir_ibu`, `tanggal_lahir_ibu`, `nama_wali`, `no_hp_wali`, `pekerjaan_wali`, `alamat_wali`, `tempat_lahir_wali`, `tanggal_lahir_wali`, `status`, `status_reason`, `status_changed_at`, `status_notes`, `tabungan`, `created_at`, `updated_at`, `jenis_kelamin`) VALUES
	(344, 'Muhammad Hafiy Najmul Falah', '241009', '3471071903060001', '3471070509000186', '2006-03-19', 'Yogyakarta', '089504948580', 'Dsn Candran RT/RW 10/05, Sidoarum, Godean, Sleman', 'O', 'SMA', 'Pondok Pesantren Hidayatul Mubtadi\'in Lirboyo', NULL, NULL, '2024-03-21', 0, 428, 'Muhammad Asngari', '0895421179956', 'Guru PAI Swasta', 'Elya Rifada', '1967-06-11', 'Dsn Candran RT/RW 10/05 Sidoarum, Godean, Sleman, Yogyakarta', 'Elya Rifada', '089629641289', 'Ibu Rumah Tangga', 'Dsn Candran RT/RW 10/05 Sidoarum, Godean, Sleman, Yogyakarta', 'Elya Rifada', '1976-10-28', NULL, NULL, NULL, NULL, NULL, NULL, 'aktif', NULL, NULL, NULL, 0.00, NULL, NULL, 'L'),
	(345, 'Muhammad haikal tazanni chumaidi', '241004', '3212090704060003', '3212090206098093', '2006-04-07', 'Indramayu', '082114165586', 'Blok pondok', 'Tidak tahu', 'SMA/SMK/MA', 'Ponpes assalafiyah 2', NULL, NULL, '2024-03-21', 0, 429, 'YUSUF', '081399015941', 'Wirasuwasta', 'Indramayu', '1979-10-20', 'Jl raya dukuhjati,krangkeng,indramayu', 'ROKHMANAH', '085224143778', 'IRT', 'Jl raya dukuhjati, krangkeng indramayu', 'Indramayu', '1985-10-10', NULL, NULL, NULL, NULL, NULL, NULL, 'aktif', NULL, NULL, NULL, 0.00, NULL, NULL, 'L'),
	(346, 'Shera ulima zuleika', '242043', '1505106401090003', '1505100201130002', '2009-01-24', 'Muaro Jambi', '085709273375', 'Jambi, Kab. Muaro Jambi, Kec. Bahar Selatan', 'O', 'SMP', 'PonPes Fathul Ulum', NULL, NULL, '2024-03-21', 0, 430, 'Sulistyo', '085709273375', 'Petani', 'Kampar', '1982-01-28', 'Jambi, Kab. Muaro Jambi, Kec. Bahar Selatan', 'Lutinah Mawadah', '085709273375', 'IRT', 'Jambi, Kab. Muaro Jambi, Kec. Bahar Selatan', 'Kediri', '1990-01-18', NULL, NULL, NULL, NULL, NULL, NULL, 'non_aktif', NULL, NULL, NULL, 0.00, NULL, NULL, 'P'),
	(347, 'Titik Prihatin', '242001', '3311033112510125', '3311030705050315', '2003-09-07', 'Sukoharjo', '08816542847', 'Dk. Watulumbung', 'Tidak Tahu', 'SMA/SMK/MA', 'Tidak ada', NULL, NULL, '2024-03-21', 0, 431, 'Suwai', '08816542847', 'Tidak ada', 'Sukoharjo', '1951-12-31', 'Dk. Watulumbung Rt 03/09', 'Mariyem', '08816542847', 'Petani', 'Dk. Watulumbung Rt 03 09', 'Sukoharjo', '1960-06-11', NULL, NULL, NULL, NULL, NULL, NULL, 'aktif', NULL, NULL, NULL, 0.00, NULL, NULL, 'P'),
	(348, 'Muhammad Haidar Mashudi', '241041', '3310110608050002', '3310112504060005', '2005-08-06', 'Klaten', '081326447434', 'Jl. Raya Solo-Jogja, Besole, RT 02/RW 07 Klepu, Ceper, Klaten, Jawa Tengah 57465', 'B', 'SMA/SMK/MA', '-', NULL, NULL, '2024-03-21', 0, 432, 'Agus Mashudi', '08122648369', 'Wiraswasta', 'Klaten', '1973-09-27', 'Besole, RT 02/RW 07 Klepu, Ceper, Klaten, Jawa Tengah 57465', 'Hanafiah', '081393019310', 'Ibu Rumah Tangga', 'Besole, RT 02/RW 07 Klepu, Ceper, Klaten, Jawa Tengah 57465', 'Klaten', '1983-07-13', NULL, NULL, NULL, NULL, NULL, NULL, 'aktif', NULL, NULL, NULL, 0.00, NULL, NULL, 'L'),
	(349, 'Azka Fawwaz Saadat', '241010', '3318190704080001', '3318191207090008', '2008-04-07', 'Pati', '081292499566', 'Pakis, RT 04/ RW 06, Pakis, Tayu, Pati', 'Tidak Tahu', 'SMP', 'Ponpes Bunyanun Marshus', NULL, NULL, '2024-03-21', 0, 433, 'Hasannuddin', '082225859390', 'Yang Lain', 'Pati', '1979-05-03', 'Pakis, RT04/ RW06, Pakis, Tayu, Pati', 'Nur Karti Lestari', '082225859390', 'Guru swasta', 'Pakis, RT04/ RW06, Pakis, Tayu, Pati', 'Klaten', '1984-04-21', NULL, NULL, NULL, NULL, NULL, NULL, 'non_aktif', NULL, NULL, NULL, 0.00, NULL, NULL, 'L'),
	(350, 'Baihaqi subhan', '241040', '6101103009060002', '6101101304100009', '2006-09-30', 'Sambas', '6281335416104', 'Dusun sumber sari, desa karaban jaya', 'AB', 'SMA/SMK/MA', 'Ponpes an-nur ngrukem bantul', NULL, NULL, '2024-03-21', 1, 434, 'Maksum', '081256413267', 'Petani', 'Demak', '1963-03-09', 'Dusun sumber sari karaban jaya', 'Masamah', '081257413267', 'IRT', 'Dusun sumber sari, desa karaban jaya', 'Demak', '1969-09-03', NULL, NULL, NULL, NULL, NULL, NULL, 'non_aktif', NULL, NULL, NULL, 0.00, NULL, NULL, 'L'),
	(351, 'M. KHOIRUL ANWAR', '241005', '1806131704060002', '1806130502100022', '2006-04-17', 'MARGOYOSO', '085314581821', 'Jl.Kh Abdul Rozaq', 'B-', 'SMA/SMK/MA', 'Pondok Pesantren Bahrul Ulum Margodadi', NULL, NULL, '2024-03-21', 0, 435, 'WIYONO', '082175082245', 'Petani', 'ARGOTENGAH', '1978-12-10', 'Jl. KH Abdul Rozaq', 'USMAYANTI', '085381600508', 'Pegawai Swasta', 'Jl. KH Abdul Rozaq', 'SIMPANG ROWO', '1983-03-23', NULL, NULL, NULL, NULL, NULL, NULL, 'non_aktif', NULL, NULL, NULL, 0.00, NULL, NULL, 'L'),
	(352, 'Rifqi sholakhul fahmi', '241013', '3324021003060003', '3324020808080861', '2006-03-10', 'Kendal', '087731488689', 'Getas kidul rt 2 rw 1 getasblawong', 'Tidak tahu', 'SMA/SMK/MA', 'Pondok pesantren', NULL, NULL, '2024-03-21', 0, 436, 'Ahmad zaezuri', '087700284340', 'Buruh', 'Kendal', '1974-03-15', 'Getas kidul rt 2 rw 1 getasblawong,pageruyung,kendal', 'Solikhatun', '088227320112', 'Ibu rumah tangga', 'Getas kidul rt 2 rw 1 getasblawong,pageruyung,kendal', 'Kendal', '1980-04-10', NULL, NULL, NULL, NULL, NULL, NULL, 'aktif', NULL, NULL, NULL, 0.00, NULL, NULL, 'L'),
	(353, 'Moh. Fikra Nauva Ariyanto', '251054', '3328091604060006', '3328090501110177', '2006-04-16', 'Tegal', '085643097811', 'Jl. Perikanan Gg. Masjid nurul huda rt/rw 003/001 Ds. Dermasandi kec. Pangkah kab. Tegal', 'A', 'SMA/SMK/MA', 'Pon. Pes Al-Mahrusiyah', NULL, NULL, '2025-03-21', 0, 437, 'Nurgiyanto', '085870333690', 'Wiraswasta', 'Tegal', '1972-02-01', 'Jl. Perikanan Gg. Masijd nurul huda rt/rw 003/001 Ds. Dermasandi kec. Pangkah kab. Tegal', 'Ikawati', '085701801978', 'Guru', 'Jl. Perikanan Gg. Masijd nurul huda rt/rw 003/001 Ds. Dermasandi kec. Pangkah kab. Tegal', 'Tegal', '1978-03-03', NULL, NULL, NULL, NULL, NULL, NULL, 'non_aktif', NULL, NULL, NULL, 0.00, NULL, NULL, 'L'),
	(354, 'Nayla Faradis Zahira Nursyams', '242039', '3516176910050001', '3516170807040004', '2005-10-29', 'Mojokerto', '6285784650057', 'Desa suru Rt. 001 Re. 001 Kec. Dawarblandong Kab. Mojokerto', 'A+', 'SMA/SMK/MA', 'Pondok pesantren', NULL, NULL, '2024-03-21', 0, 438, 'Syamsul', '085804406731', 'Guru', 'Mojokerto', '1980-11-29', 'Desa Suru Rt. 001 Rw. 001 kec. Dawarblandong Kab. Mojokerto', 'Nur Akromah', '085646220820', 'Guru', 'Desa Suru Rt. 001 Rw. 001 Kec. Dawarblandong Kab. Mojokerto', 'Mojokerto', '1981-06-08', NULL, NULL, NULL, NULL, NULL, NULL, 'aktif', NULL, NULL, NULL, 0.00, NULL, NULL, 'P'),
	(355, 'NURIL HABIBAH', '242020', '3525176707060002', '3525170412083305', '2006-07-27', 'Gresik', '6281231313681', 'DSN PASAR TELAGA DESA BALIK TERUS KEC. SANGKAPURA KABUPATEN GRESIK BAWEAN', 'Tidak tahu', 'SMA/SMK/MA', 'Pondok pesantren Al-Amin sukaoneng', NULL, NULL, '2024-03-21', 0, 439, 'ASMAWI', '081230187595', 'Petani', 'Gresik', '1970-04-11', 'DSN PASAR TELAGA DESA BALIK TERUS KEC. SANGKAPURA KABUPATEN GRESIK BAWEAN JAWA TIMUR', 'MISIYAH', '081230187595', 'Tidak bekerja', 'DSN PASAR TELAGA DESA BALIK TERUS KEC. SANGKAPURA KABUPATEN GRESIK BAWEAN JAWA TIMUR', 'Gresik', '1975-06-30', NULL, NULL, NULL, NULL, NULL, NULL, 'aktif', NULL, NULL, NULL, 0.00, NULL, NULL, 'P'),
	(356, 'Muhammad khadziqul adzhan', '241038', '3326130405060001', '3326130804190003', '2006-05-04', 'Pekalongan', '6282323847983', 'Jl raya bebekan, no 26, rt/004, rw/012, gembong barat, kedungwuni barat, kedungwuni, pekalongan', 'Tidak Tahu', 'SMA/SMK/MA', 'Asrama pelajar islam asri tegalrejo', NULL, NULL, '2024-03-21', 0, 440, 'Fahrozi', '-', '-', 'Pekalongan', '1959-10-27', '-', 'Khailiyah', '085879925503', 'Buruh', 'Jl raya bebkan, no 26, rt/004, rw/012, gem', 'Pekalongan', '1972-10-14', NULL, NULL, NULL, NULL, NULL, NULL, 'non_aktif', NULL, NULL, NULL, 0.00, NULL, NULL, 'L'),
	(357, 'Machin Safi\'i', '241031', '3323023103060002', '3323022911080002', '2006-03-31', 'TEMANGGUNG', '088980228410', 'Genayan, Tawangsari, Tembarak', 'Tidak Tahu', 'SMA/SMK/MA', 'PonPes PESAT TAWANGSARI', NULL, NULL, '2024-03-21', 0, 441, 'Tasrifin', '-', 'Buruh Tani', 'TEMANGGUNG', '1973-05-25', 'Genayan Rt 01 Rw 01 Tawangsari, Tembarak, Temanggung', 'Khuriyatul Munawaroh', '081228585894', 'Ibu Tumah Tangga (Tidak Bekerja)', 'Genayan Rt 01 Rw 01 Tawangsari, Tembarak, Temanggung', 'TEMANGGUNG', '1977-02-09', NULL, NULL, NULL, NULL, NULL, NULL, 'aktif', NULL, NULL, NULL, 0.00, NULL, NULL, 'L'),
	(358, 'Mochammad nabil', '241025', '3326101201040002', '3326100108074672', '2004-01-12', 'Kab. Pekalongan', '085770343694', 'Kab. Pekalongan kec. Sragi ds. Kalijambe dukuh. Kalisih tengah', 'Tidak tahu', 'SMA/SMK/MA', 'Pondok pesantren Modern alquran buaran', NULL, NULL, '2024-03-21', 0, 442, 'Dodo rachmada', '081387332153', 'wiraswasta', 'madiun', '1964-02-02', 'kab.pekalongan kec.sragi ds.kalijambe dukuh.kalisih tengah', 'Nur azizah', '081387332153', 'wiraswasta', 'kab.pekalongan kec.sragi ds.kalijambe dukuh.kalisih tengah', 'pekalongan', '1968-01-17', NULL, NULL, NULL, NULL, NULL, NULL, 'aktif', NULL, NULL, NULL, 0.00, NULL, NULL, 'L'),
	(359, 'Anisa ayu dwi nugrahanti', '242051', '3314106102060006', '3314101905050006', '2006-02-21', 'Sragen', '089603244585', 'Ngepringan rt03/01 karang tengah, Sragen', 'Tidak tahu', 'SMA/SMK/MA', 'Pondok pesantren', NULL, NULL, '2024-03-21', 0, 443, 'Ridwan', '081393861930', 'Karyawan toko', 'Magelang', '1975-05-15', 'Ngepringan rt03/01 karang tengah, Sragen', 'Sri daryanti', '082221363950', 'Ibu rumah tangga', 'Ngepringan rt03/01 karang tengah, Sragen', 'Sragen', '1977-11-09', NULL, NULL, NULL, NULL, NULL, NULL, 'aktif', NULL, NULL, NULL, 0.00, NULL, NULL, 'P'),
	(360, 'Muhammad Haidar', '241044', '3202130102060001', '3202131407110004', '2006-02-01', 'Sukabumi', '085863055916', 'jl.habib kp.pondokaso', 'tidak tahu', 'SMA/SMK/MA', 'pondok pesantren', NULL, NULL, '2024-03-21', 0, 444, 'H. Asep ahmad abdilla', '628573882617', 'tidak bekerja', 'Ikoh ropikoh', '1956-06-06', 'jl.habib rt.03/rw.01 kp.pondokkaso desa babakanjaya kab.sukabumi', 'Ikoh ropikoh', '628573882617', 'ibu rumah tangga', 'jl.habib rt.03/rw.01 kp.pondokaso desa babakanjaya kec.parungkuda kab.sukabumi', 'Ikoh ropikoh', '1975-04-27', NULL, NULL, NULL, NULL, NULL, NULL, 'non_aktif', NULL, NULL, NULL, 0.00, NULL, NULL, 'L'),
	(361, 'Adnan mahally', '241028', '3216151804830001', '3216150404070620', '2004-11-28', 'Bekasi', '083146423043', 'Kp cangkring(gang yayasan nurul ajhar)02/002 sukaasih sukatani bekasi', 'Tidak tahu', 'SMA/SMK/MA', 'Pondok pesantren', NULL, NULL, '2024-03-21', 0, 445, 'Hamami', '085779760619', 'Wiraswasta', 'Bekasi', '1967-12-30', 'Kp. Cangkring(gang yayasan nurul ajhar)02/002 sukaasih sukatani bekasi', 'Siti fatimah', '085722593940', 'Tidak bekerja', 'Kp.cangkring(gang yayasan nurul ajhar)02/002 sukaasih sukatani bekasi', 'Bekasi', '1977-01-25', NULL, NULL, NULL, NULL, NULL, NULL, 'aktif', NULL, NULL, NULL, 0.00, NULL, NULL, 'L'),
	(362, 'Alfian Husni Mubarok', '241008', '3304120706000002', '3304120601070008', '2006-06-03', 'Banjarnegara', '6282228374449', 'Siwatu, Sawangan, Punggelan, Banjarnegara, Jawa Tengah', 'B', 'SMA/SMK/MA', 'PONDOK PESANTREN API SYUBBANUL WATHON TEGALREJO SECANG MAGELANG', NULL, NULL, '2024-03-21', 0, 446, 'Admin', '821-5931-9082', 'Petani', 'Banjarnegara', '1979-04-12', 'Siwatu, Sawangan, Punggelan, Banjarnegara, Jawa Tengah', 'Umi Farikhah', '823-1384-8615', 'Ibu Rumah Tangga', 'Siwatu, Sawangan, Punggelan, Banjarnegara, Jawa Tengah', 'Banjarnegara', '1983-06-03', NULL, NULL, NULL, NULL, NULL, NULL, 'aktif', NULL, NULL, NULL, 0.00, NULL, NULL, 'L'),
	(363, 'NURDIN MUSTAJAB', '241026', '3374060501050003', '3374060303100005', '2005-01-05', 'KOTA SEMARANG', '089616458200', 'Jl plamongan sari pedurungan kota semarang', 'Tidak tahu', 'S1', 'Yanbuul quran kudus', NULL, NULL, '2024-03-21', 0, 447, 'SUTOYO', '081326296881', 'Guru', 'SRI RAHAYU', '1969-06-23', 'Jl plamongansari pedurungan kota semarang', 'SRI RAHAYU', '081326296881', 'Ibu rumah tangga', 'Jl plamongan sari pedurungan semarang', 'SRI RAHAYU', '1973-12-31', NULL, NULL, NULL, NULL, NULL, NULL, 'non_aktif', NULL, NULL, NULL, 0.00, NULL, NULL, 'L'),
	(364, 'Rifqo Baihaqy Hakim', '241049', '3305112708020002', '3305111608120006', '2002-08-27', 'Brebes', '089630117591', 'Jl. Masjid Penajung rt02 rw03, jaganayan, surotrunan, alian, kebumen', 'Tidak tahu', 'S1', 'Tidak ada', NULL, NULL, '2024-03-21', 0, 448, 'Zamrodin', '087837651165', 'Guru', 'Kebumen', '1967-01-08', 'Jl. Masjid Penajung rt02 rw03, jaganayan, surotrunan, alian, kebumen', 'Titin Rofiah', '087837651165', 'Guru', 'Jl. Masjid Penajung rt02 rw03, jaganayan, surotrunan, alian, kebumen', 'Brebes', '1975-08-07', NULL, NULL, NULL, NULL, NULL, NULL, 'aktif', NULL, NULL, NULL, 0.00, NULL, NULL, 'L'),
	(365, 'Ina Sintia Dila', '242018', '3525185804050002', '3525180112084842', '2005-09-18', 'Gresik', '082336582160', 'Dan pedalaman desa klompang gubuk kecamatan tambak kabupaten gresik', 'Tidak tahu', 'SMA/SMK/MA', 'Pondok pesantren al amin', NULL, NULL, '2024-03-21', 0, 449, 'SUAIDI', '082252720253', 'Petani', 'SUNIYAH', '1974-01-10', 'Dsn pedalaman desa klompang gubuk kecamatan tambak kabupaten Gresik', 'SUNIYAH', '082252720283', 'Ibu rumah tangga', 'Dsn pedalaman desa klompang gubuk kecamatan tambak kabupaten Gresik', 'SUNIYAH', '1984-04-04', NULL, NULL, NULL, NULL, NULL, NULL, 'aktif', NULL, NULL, NULL, 0.00, NULL, NULL, 'P'),
	(366, 'Wahyu aji kurniawan', '241014', '1807036510060001', '1807032205170002', '2006-12-25', 'Lampung timur', '082375392237', 'Jalan telaga pucung desa mumbang jaya kecamatan jabung kabupaten lampung timur', 'Tidak tahu', 'SMA/SMK/MA', 'Pondok pesantren riyadlatul ulum', NULL, NULL, '2024-03-21', 0, 450, 'Ikhwanudin', '085892277203', 'Wiraswasta', 'Yuliati lestari', '1983-03-02', 'Jln tulung agung desa mumbang jaya kecamatan jabung kambupaten lampung timur', 'Yuliati lestari', '081918305154', 'Rumah tangga', 'Jln telaga pucung desa mumbang jaya kecamatan jabung kambupaten lampung timur', 'Yuliati lestari', '1983-10-05', NULL, NULL, NULL, NULL, NULL, NULL, 'aktif', NULL, NULL, NULL, 0.00, NULL, NULL, 'L'),
	(367, 'Rina apriyani', '242006', '3301144204070002', '3301140601050101', '2007-04-02', 'Cilacap', '081326409018', 'Jalan banteng loreng RT 04 RW 02 dusun walahir desa boja kec. Majenang kab. Cilacap', 'O', 'SMA/SMK/MA', 'Pondok pesantren pembangunan Miftahul Huda 1 majenang', NULL, NULL, '2024-03-21', 0, 451, 'Nuriman', '082122615763', 'Pedagang', 'Cilacap', '1965-12-12', 'Jalan banteng loreng RT 04 RW 02 dusun walahir desa boja kec.majenang kab.cilacap Jawa Tengah', 'Ropi', '-', 'Petani', 'Jalan banteng loreng RT 04 RW 02 dusun walahir desa boja kec.majenang kab.cilacap Jawa Tengah', 'Cilacap', '1971-11-23', NULL, NULL, NULL, NULL, NULL, NULL, 'aktif', NULL, NULL, NULL, 0.00, NULL, NULL, 'P'),
	(368, 'NASIFA NUR AQILA', '242002', '3403045808050001', '3403042201056831', '2005-08-18', 'Gunungkidul', '62882007843242', 'Gang indrajid, Rt03/Rw01,Klepu, Nglegi , Patuk', 'Tidak tahu', 'SMA/SMK/MA', 'Pondok Pesantren Terpadu Al- Mumtaz', NULL, NULL, '2024-03-21', 0, 452, 'Sumarna', '0882007843242', 'Buruh tani', 'Ngadiyem', '1972-09-26', 'Gang indrajid, Rt03/Rw01, Klepu, Nglegi', 'Ngadiyem', '082242348992', 'Ibu Rumah Tangga', 'Gang indrajid, Rt03/Rw01, Klepu, Nglegi', 'Ngadiyem', '1976-07-12', NULL, NULL, NULL, NULL, NULL, NULL, 'aktif', NULL, NULL, NULL, 0.00, NULL, NULL, 'P'),
	(369, 'Salman Abdul malik', '241027', '3206051603040002', '3206050109057386', '2004-03-16', 'Tasikmalaya', '082120852787', 'Pp.sukawangi', 'Tidak tahu', 'SMA/SMK/MA', 'Pondok pesantren Baitul hikmah Haur kuning', NULL, NULL, '2024-03-21', 0, 453, 'SAHRUDIN', '085157511329', 'Petani', 'TASIKMALAYA', '1972-01-07', 'Pp.sukawangi', 'AI DUDU', '085156052671', 'Ibu rumah tangga', 'Pp.sukawangi', 'TASIKMALAYA', '1976-01-30', NULL, NULL, NULL, NULL, NULL, NULL, 'non_aktif', NULL, NULL, NULL, 0.00, NULL, NULL, 'L'),
	(370, 'Fardatunroyyan', '242029', '3320016309060002', '3320010108056527', '2006-09-23', 'Jepara', '085872048174', 'Karanggaji Kedung jepara rt16rw5', 'O', 'SMA/SMK/MA', 'PP API THORIQUL HUDA MAYONG KIDUL', NULL, NULL, '2024-03-21', 0, 454, 'Abdul Kholiq', '085872048174', 'Wiraswasta', 'Jepara', '1968-08-25', 'Karanggaji Kedung jepara', 'Sumarti', '085872048174', 'Ibu rumahtangga', 'Karanggaji Kedung jepara', 'Jepara', '1975-08-11', NULL, NULL, NULL, NULL, NULL, NULL, 'aktif', NULL, NULL, NULL, 0.00, NULL, NULL, 'P'),
	(371, 'CHUSNIA EPRIYANTI', '242042', '3305046804050002', '3305040701073865', '2005-04-28', 'Kebumen', '6283124243912', 'Desa Ampelsari Rt 03 Rw 1', 'A', 'S1', 'Pondok Pesantren Darussalam Adikarso Kebumen', NULL, NULL, '2024-03-21', 0, 455, 'PARSUN', '083124243912', 'Pedagang', 'Kebumen', '1969-04-16', 'Ampelsari Rt 3 Rw 1', 'SITI FATONAH', '083124243912', 'Ibu Rumah Tangga', 'Ampelsari Rt 3 Rw 1', 'Kebumen', '1974-09-02', NULL, NULL, NULL, NULL, NULL, NULL, 'aktif', NULL, NULL, NULL, 0.00, NULL, NULL, 'P'),
	(372, 'Nilna Maflahatul Lizama', '242036', '3305166002060001', '3305160702073617', '2006-02-20', 'Kebumen', '6288224259186', 'Jalan Puring Km.6', 'B', 'SMA/SMK/MA', 'Pondok pesantren Al Huda Kebumen', NULL, NULL, '2024-03-21', 0, 456, 'Jamaludin', '082311820870', 'Buruh', 'Kebumen', '1969-07-29', 'Desa Kuwarasan, Kec. Kuwarasan, Kab. Kebumen', 'Siti Nasiroh', '088224259186', 'Tidak bekerja', 'Desa Kuwarasan, Kec. Kuwarasan, Kab. Kebumen', 'Kebumen', '1979-12-20', NULL, NULL, NULL, NULL, NULL, NULL, 'aktif', NULL, NULL, NULL, 0.00, NULL, NULL, 'P'),
	(373, 'LALU MOH. HARSAN ATTAMIMI', '241023', '5202040107070053', '5202040402081668', '2007-07-29', 'Praya, Lombok Tengah', '085951553411', 'Jalan bypass Mandalika', 'O', 'SMA/SMK/MA', 'Pondok pesantren', NULL, NULL, '2024-03-21', 0, 457, 'Lalu suhardi', '087760146905', 'Pensiunan BUMD', 'Lombok Tengah', '1967-12-31', 'Jalan bypass Mandalika', 'BAIQ NURSANI', '087765272392', 'Guru', 'Jalan bypass Mandalika', 'KETARA', '1971-12-31', NULL, NULL, NULL, NULL, NULL, NULL, 'aktif', NULL, NULL, NULL, 0.00, NULL, NULL, 'L'),
	(374, 'Verkas Yaberko', '241046', '1812021711030003', '1812020402120023', '2003-11-17', 'PTILP', '62812564884', 'Margo Mulyo', '-', 'SMA/SMK/MA', 'tidak ada', NULL, NULL, '2024-03-21', 0, 458, NULL, NULL, NULL, NULL, NULL, NULL, NULL, NULL, NULL, NULL, NULL, NULL, NULL, NULL, NULL, NULL, NULL, NULL, 'aktif', NULL, NULL, NULL, 0.00, NULL, NULL, 'L'),
	(375, 'TONI PURWANDI', '251053', '7201092010050001', '7201092002080860', '2005-10-20', 'Banggai', '082267872501', 'Jalan tohitisari', 'O', 'SMA/SMK/MA', 'Pondok pesantren', NULL, NULL, '2025-03-21', 0, 459, 'SUMARTO', '085600678823', 'Petani', 'Tohitisari', '1979-09-10', 'Tohitisari', 'SUPIYATI', '082267872501', 'Tidak bekerja', 'Tohitisari', 'Tohitisari', '1984-09-11', NULL, NULL, NULL, NULL, NULL, NULL, 'aktif', NULL, NULL, NULL, 0.00, NULL, NULL, 'L'),
	(376, 'Muhammad Musyafa\' Al Aymani', '241003', '3308200206040007', '3308202807100011', '2004-06-02', 'Kabupaten Magelang', '085712161308', 'Payaman Secang Magelang', 'B', 'S1', 'Pondok Tahfidh Yanbuul Qur\'an Remaja', NULL, NULL, '2024-03-21', 0, 460, 'H. Nurul Makin', '085228965937', 'Guru', 'Magelang', '1968-02-01', 'Payaman Secang Magelang', 'Nafiatul Ummah', '085743410248', 'Ibu Rumah Tangga', 'Payaman Secang Magelang', 'Magelang', '1983-05-06', NULL, NULL, NULL, NULL, NULL, NULL, 'aktif', NULL, NULL, NULL, 0.00, NULL, NULL, 'L'),
	(377, 'Lutfatuz Zahra', '242016', '3327116401060001', '3327112210080055', '2006-01-24', 'Pemalang Jawa Tengah', '6285878193203', 'Dsn. Sumur munding DS. Tegalsari barat kec. Ampel Gading kab. Pemalang', 'Tidak tahu', 'SMA/SMK/MA', 'PP Queen Al falah', NULL, NULL, '2024-03-21', 0, 461, 'Ahmad Fatoni', '085929189684', 'Wiraswasta', 'Tegal', '1970-12-23', 'Dsn. Sumur munding DS. Tegalsari barat kec. Ampel Gading kab. Pemalang prov. Jawa Tengah', 'Listiyanti', '083871388429', 'Ibu rumah tangga', 'Dsn. Sumur munding DS. Tegalsari barat kec. Ampel Gading kab. Pemalang prov. Jawa Tengah', 'Pemalang', '1981-05-26', NULL, NULL, NULL, NULL, NULL, NULL, 'aktif', NULL, NULL, NULL, 0.00, NULL, NULL, 'P'),
	(378, 'Za\'im Hashifu Azru', '241015', '3301181003060001', '3301181812060014', '2006-03-10', 'Cilacap', '0882006449002', 'Jalan jendral Ahmad Yani no 45', 'O', 'SMA/SMK/MA', 'Ponpes Miftahul Anwar Cigaru, Kec. Majenang', NULL, NULL, '2024-03-21', 0, 462, 'Thofikur Rozi', '085227060270', 'Petani', 'Cilacap', '1964-05-16', 'Jalan jendral Ahmad Yani no 45', 'Munawaroh', '082134999130', 'Ibu rumah tangga', 'Jalan jendral Ahmad Yani no 45', 'Jombang', '1973-10-12', NULL, NULL, NULL, NULL, NULL, NULL, 'aktif', NULL, NULL, NULL, 0.00, NULL, NULL, 'L'),
	(379, 'Nawa fatihul khikmah', '242032', '3301146112050001', '3301141605090013', '2005-12-21', 'Cilacap', '6289618661772', 'Jl. Cimalengsa blok masjid l wustho, Cigadung', 'Tidak tahu', 'SMA/SMK/MA', 'Pondok pesantren El - Bayan', NULL, NULL, '2024-03-21', 0, 463, 'Imam Subkhi', '62896', 'Petani', 'Cilacap', '1973-06-24', 'Jl. Cimalengsa blok masjid al wustho, Cigadung', 'Nur habibah', 'Tidak ada', 'Petani', 'Jl. Cimalengsa blok masjid al wustho, cigadung', 'Cilacap', '1978-07-30', NULL, NULL, NULL, NULL, NULL, NULL, 'aktif', NULL, NULL, NULL, 0.00, NULL, NULL, 'P'),
	(380, 'Khasan zuhri al mubarrod', '241012', '3301050308060003', '3301050610090013', '2006-08-03', 'Cilacap', '6285876050523', 'Jln. Masjid Baitussalam, tritih, Rt02/Rw06,kec.Nusawungu,kab.Cilacap,prov.Jawa Tengah', 'B', 'SMA/SMK/MA', 'Pondok Pesantren Darul Ulum sirau, kemranjen,Banyumas', NULL, NULL, '2024-03-21', 0, 464, 'Chabib Syaiful', '+62 813-2716-', 'Buruh', 'Banyumas', '1967-08-11', 'Jln. Masjid Baitussalam, tritih Rt02/Rw06,Danasrih lor, kec. Nusawungu, kab. Cilacap', 'Suparni', 'Tidak ada', 'Ibu Rumah Tangga', 'Jln. Masjid Baitussalam, tritih Rt02/Rw06,Danasrih lor, kec. Nusawungu, kab. Cilacap', 'Cilacap', '1976-04-01', NULL, NULL, NULL, NULL, NULL, NULL, 'aktif', NULL, NULL, NULL, 0.00, NULL, NULL, 'L'),
	(381, 'Rachma Maulida Zahrah', '242037', '3208166104050001', '3208161203080005', '2005-04-21', 'Kuningan', '081224017746', 'Jl.Cikaso ds.kramatmulya rto7/03 dusun puhun kuningan jawa barat', 'A', 'S1', 'Pondok', NULL, NULL, '2024-03-21', 0, 465, 'Ocid abdul rosid', '+62 812-2311-', 'Guru honorer', 'Kuningan', '1978-06-21', 'Jl.cikaso ds.kramat mulya dusun puhun rt07/rw03', 'Titin rustini', '08122251459', 'Ibu rumah tangga', 'Jl.cikaso desa kramat mulya dusun puhun rt07/rw03 kuningan jawa barat', 'Cirebon', '1978-04-18', NULL, NULL, NULL, NULL, NULL, NULL, 'aktif', NULL, NULL, NULL, 0.00, NULL, NULL, 'P'),
	(382, 'Ike Nurfadillah', '242030', '3525185607060003', '3525180112084803', '2006-07-16', 'Kabupaten Gresik', '082141669107', 'DSN eler DESA Klompang gubuk KECAMATAN Tambak KABUPATEN Gresik', 'Tidak tahu', 'SMA/SMK/MA', 'Pondok Pesantren Al amin', NULL, NULL, '2024-03-21', 0, 466, 'Ali Mahmud', '082287198553', 'Petani', 'Nurul Huda', '1970-07-28', 'DSN eler DESA kelompang gubuk KECAMATAN Tambak KABUPATEN Gresik', 'Nurul Huda', '082287198553', 'Ibu Rumah Tangga', 'DSN eler DESA klompang gubuk KECAMATAN Tambak KABUPATEN Gresik', 'Nurul Huda', '1974-07-15', NULL, NULL, NULL, NULL, NULL, NULL, 'aktif', NULL, NULL, NULL, 0.00, NULL, NULL, 'P'),
	(383, 'Ahmadi Dion Budiono', '241048', '3309191709040002', '3309190404110075', '2004-09-17', 'Gambang, Juwangi, Boyolali', '081229538629', 'Jalan Raya Juwangi 29', 'Tidak tahu', 'SMA/SMK/MA', 'Pondok pesantren', NULL, NULL, '2024-03-21', 0, 467, 'Subur', '081255950031', 'Buruh', 'Dasilah', '1970-06-06', '29/04, Gambang, Juwangi, Boyolali', 'Dasilah', '082227448388', 'Pengusaha', '29/04, Gambang, Juwangi, Boyolali', 'Dasilah', '1975-07-10', NULL, NULL, NULL, NULL, NULL, NULL, 'non_aktif', NULL, NULL, NULL, 0.00, NULL, NULL, 'L'),
	(384, 'ARI RIFQI MAULANA', '241011', '3308122907050003', '6209041604070009', '2005-07-29', 'Magelang', '081328523919', 'RT 01 RE 01 Desa Bukit Jaya Kecamatan Bulik Timur Kabupaten Lamandau, Kalimantan Tengah', '-', 'SMA/SMK/MA', 'Alumni Pondok Pesantren API ASRI Syubbanul Wathon Magelang', NULL, NULL, '2024-03-21', 0, 468, 'Sholehan Mahfudz', '085386369679', 'Wiraswasta', 'Magelang', '1969-03-16', 'RT 01 RW 01 Desa Bukit Jaya Kecamatan Bulik Timur Kabupaten Lamandau, Kalimantan Tengah', 'Himatus Salamah', '082252127020', 'Wiraswasta', 'RT 01 RW 01 Desa Bukit Jaya Kecamatan Bulik Timur Kabupaten Lamandau, Kalimantan Tengah', 'Magelang', '1978-03-14', NULL, NULL, NULL, NULL, NULL, NULL, 'aktif', NULL, NULL, NULL, 0.00, NULL, NULL, 'L'),
	(385, 'Dede Fitri Mar\'atushsholihah', '242024', '3212056111050003', '3212050106099015', '2005-11-21', 'Indramayu', '082219153070', 'Blok Karang Moncol', 'A', 'SMA/SMK/MA', 'Pondok Pesantren Sunan Pandanaran', NULL, NULL, '2024-03-21', 0, 469, 'Muhamad', '081395669378', 'Pengawas Sekolah', 'Indramayu', '1973-06-12', 'Jalan Raya Larangan -Tugu, Blok Karang Moncol, RT 003, RW 002, Desa Pengauban, Kec. Lelea, Kab. Indramayu, Provinsi Jawa Barat', 'Srihartati', '081324047387', 'Guru', 'Jalan Raya Larangan -Tugu, Blok Karang Moncol, RT 003, RW 002, Desa Pengauban, Kec. Lelea, Kab. Indramayu, Provinsi Jawa Barat', 'Bantul', '1975-05-05', NULL, NULL, NULL, NULL, NULL, NULL, 'non_aktif', NULL, NULL, NULL, 0.00, NULL, NULL, 'P'),
	(386, 'Vieny Rahmatuka Zain', '242021', '3308205209060001', '3308202502070974', '2006-09-12', 'Magelang', '089510460089', 'Jalan Raya Payaman no.83, Secang, Magelang', 'O', 'SMA/SMK/MA', 'Pondok Pesantren Raudlatul Ulum Pati', NULL, NULL, '2024-03-21', 0, 470, 'M. Zaenudin', '085643025222', 'Petani', 'Magelang', '1962-11-11', 'Jalan Raya Payaman no.83, Secang, Magelang', 'Dhofiroh', '089663253914', 'Tidak bekerja', 'Jalan Raya Payaman no.83 ,Secang, Magelang', 'Pekalongan', '1968-09-20', NULL, NULL, NULL, NULL, NULL, NULL, 'aktif', NULL, NULL, NULL, 0.00, NULL, NULL, 'P'),
	(387, 'KHARISMA NUR AZIZAH', '242050', '3403096006060002', '3403091611077445', '2006-02-01', 'GUNUNGKIDUL', '6282136042302', 'Gelaran 1, Bejiharjo, Karangmojo, Gunungkidul', 'O', 'SMA/SMK/MA', 'tidak ada', NULL, NULL, '2024-03-21', 0, 471, 'SURATMIN', '081328291077', 'Buruh harian lepas', 'KEBUMEN', '1971-06-06', 'Gelaran 1,rrt05 rw15 , Bejiharjo, Karangmojo, Gunungkidul', 'SRINI ASTUTI', '082138528617', 'mengurus rumah tangga', 'Gelaran 1, rt05 rw15, Bejiharjo, Karangmojo, Gunungkidul', 'GUNUNGKIDUL', '1969-08-04', NULL, NULL, NULL, NULL, NULL, NULL, 'non_aktif', NULL, NULL, NULL, 0.00, NULL, NULL, 'P'),
	(388, 'Muhammad Fajrul Falah', '241033', '3325060403060001', '3325060701100005', '2006-03-04', 'Batang', '085226138987', 'Jl. Tersono, Kec. Tersono, Kabupaten Batang, Jawa Tengah', 'Tidak Tahu', 'SMA/SMK/MA', 'Pondok API ASRI', NULL, NULL, '2024-03-21', 0, 472, 'Ahmad Kholil', '08122827258', 'Guru', 'Maimunatu Zahro', '1973-06-05', 'Jl. Tersono, Tersono, Kec. Tersono, Kabupaten Batang, Jawa Tengah 51272', 'Maimunatu Zahro', '08121539462', 'Guru', 'Jl. Tersono, Tersono, Kec. Tersono, Kabupaten Batang, Jawa Tengah 51272', 'Maimunatu Zahro', '1976-01-05', NULL, NULL, NULL, NULL, NULL, NULL, 'non_aktif', NULL, NULL, NULL, 0.00, NULL, NULL, 'L'),
	(389, 'Mutia Arifah', '242017', '3328034809050002', '3328031508130010', '2005-09-08', 'Tegal', '085878266295', 'Ds.Dukuhtengah RT 011 Rw 002 No.42,Kec.Bojong,Kab.Tegal', 'Tidak Tahu', 'SMA/SMK/MA', 'Pondok Pesantren', NULL, NULL, '2024-03-21', 0, 473, 'Mauludin', '082325893121', 'Wiraswasta', 'Tegal', '1980-08-30', 'Ds.Dukuhtengah RT 011 RW 002 N0.42,Kec.Bojong,Kab.Tegal', 'Solikha', '085876823052', 'Mengurus Rumah Tangga', 'Ds.Dukuhtengah RT 011 RW 002 No.42,Kec.Bojong,Kab.Tegal', 'Tegal', '1985-11-12', NULL, NULL, NULL, NULL, NULL, NULL, 'aktif', NULL, NULL, NULL, 0.00, NULL, NULL, 'P'),
	(390, 'Septa Ramadhani', '242007', '3308164110060001', '3308162903120014', '2006-10-01', 'Magelang', '082329450342', 'Dusun Kwalikan 04/02, Kragilan, Pakis', 'B', 'SMA/SMK/MA', 'Tidak Ada', NULL, NULL, '2024-03-21', 0, 474, 'Slamet Supriyanto', '-', 'Swasta', 'Magelang', '1977-01-08', 'Dusun Kwalikan 04/02, Kragilan, Pakis', 'Ayem', '-', 'Swasta', 'Dusun Kwalikan 04/02, Kragilan, Pakis', 'Magelang', '1977-09-20', NULL, NULL, NULL, NULL, NULL, NULL, 'non_aktif', NULL, NULL, NULL, 0.00, NULL, NULL, 'P'),
	(391, 'Aufaq Fuadi Salim', '241047', '3320011307040001', '3320013107054688', '2004-07-13', 'Jepara', '0882005652696', 'Sowan Kidul, Kedung, jepara', 'Tidak Tahu', 'SMA/SMK/MA', 'Pondok pesantren', NULL, NULL, '2024-03-21', 0, 475, 'SUBKHI', '088233885783', 'Guru', 'Jepara', '1961-02-15', 'Sowan kidul, kedung, Jepara Rt/05 Rw/04', 'UMNIYATI', '0882003323262', 'Tidak bekerja', 'Sowan kidul, Kedung, Jepara Rt/05 Rw04', 'Jepara', '1967-08-08', NULL, NULL, NULL, NULL, NULL, NULL, 'aktif', NULL, NULL, NULL, 0.00, NULL, NULL, 'L'),
	(392, 'Ulfi nisfa lailina faida', '242022', '3401026402040001', '3401020605050010', '2004-02-24', 'Kulonprogo', '088227754378', 'Dondong bendungan Wates Kulonprogo Yogyakarta', 'Tidak tahu', 'SMA/SMK/MA', 'Pondok pesantren Al iman bulus gebang Purworejo', NULL, NULL, '2024-03-21', 0, 476, 'Bhusrowi', '08988766912', 'Petani', 'Kulonprogo', '1969-07-27', 'Dondong bendungan Wates Kulonprogo Yogyakarta', 'Faula arina', '-', 'Ibu rumah tangga', 'Purworejo', 'Purworejo', '1980-07-15', NULL, NULL, NULL, NULL, NULL, NULL, 'aktif', NULL, NULL, NULL, 0.00, NULL, NULL, 'P'),
	(393, 'Aniq Sabiq', '252055', '3212124305030001', '3212120206095320', '2003-05-03', 'Kabupaten Indramayu', '6282324383519', 'Jalan pertigaan tambi, jatibarang-balongan', 'O', 'SMA/SMK/MA', 'Pondok Pesantren Al-Barokah', NULL, NULL, '2025-03-20', 0, 477, 'Dirya', '628979702785', 'Wiraswasta', 'Indramayu', '1967-10-20', 'Jl. Pertigaan Tambi, jatibarang-balongan, RT .03 RW.01, desa Tambi lor, Kecamatan Sliyeg, Kabupaten Indramayu', 'Mujaepah', '628979702785', 'Ibu Rumah Tangga', 'Jl. Pertigaan Tambi, jatibarang-balongan, RT .03 RW.01, desa Tambi lor, Kecamatan Sliyeg, Kabupaten Indramayu', 'Indramayu', '1972-07-21', NULL, NULL, NULL, NULL, NULL, NULL, 'non_aktif', NULL, NULL, NULL, 0.00, NULL, NULL, 'P'),
	(394, 'Masyami', '242019', '3525184211020001', '3525180112084809', '2002-11-02', 'Gresik', '082132411830', 'DSN pedalaman DESA Klompang gubuk kecamatan tambak kabupaten gresik', 'Tidak tahu', 'SMA/SMK/MA', 'Pondok pesantren Al amin', NULL, NULL, '2024-03-21', 0, 478, 'Matsuri', '085336007058', 'Petani', 'Mislawati', '1978-06-05', 'DSN pedalaman DESA Klompang gubuk kecamatan tambak kabupaten Gresik', 'Mislawati', '085336007058', 'Ibu rumah tangga', 'DSN pedalaman DESA Klompang gubuk kecamatan tambak kabupaten Gresik', 'Mislawati', '1984-04-27', NULL, NULL, NULL, NULL, NULL, NULL, 'aktif', NULL, NULL, NULL, 0.00, NULL, NULL, 'P'),
	(395, 'Nabila Eli Fitriyani', '242035', '1806124711060002', '1806120801240005', '2006-11-07', 'Tanggamus', '625709802476', 'Suka banjakh, Sukajaya,semaka, tanggamus', 'AB', 'SMA/SMK/MA', 'Al-falah Margodadi', NULL, NULL, '2024-03-21', 0, 479, 'Warso', '0', '0', 'Ponorogo', '1966-08-18', '0', 'Jumila', '621369739870', 'Petani', 'Suka banjakh, Sukajaya, semaka, tanggamus', 'Kacapura', '1976-07-15', NULL, NULL, NULL, NULL, NULL, NULL, 'aktif', NULL, NULL, NULL, 0.00, NULL, NULL, 'P');

-- Dumping structure for table skripsi2.santri_tambahan_bulanans
CREATE TABLE IF NOT EXISTS `santri_tambahan_bulanans` (
  `id_santri_tambahan_bulanan` bigint unsigned NOT NULL AUTO_INCREMENT,
  `santri_id` bigint unsigned NOT NULL,
  `tambahan_bulanan_id` bigint unsigned NOT NULL,
  `jumlah` int NOT NULL,
  `created_at` timestamp NULL DEFAULT NULL,
  `updated_at` timestamp NULL DEFAULT NULL,
  PRIMARY KEY (`id_santri_tambahan_bulanan`),
  KEY `santri_tambahan_bulanans_santri_id_foreign` (`santri_id`),
  KEY `santri_tambahan_bulanans_tambahan_bulanan_id_foreign` (`tambahan_bulanan_id`),
  CONSTRAINT `santri_tambahan_bulanans_santri_id_foreign` FOREIGN KEY (`santri_id`) REFERENCES `santris` (`id_santri`) ON DELETE CASCADE,
  CONSTRAINT `santri_tambahan_bulanans_tambahan_bulanan_id_foreign` FOREIGN KEY (`tambahan_bulanan_id`) REFERENCES `tambahan_bulanans` (`id_tambahan_bulanan`) ON DELETE CASCADE
) ENGINE=InnoDB AUTO_INCREMENT=2 DEFAULT CHARSET=utf8mb4 COLLATE=utf8mb4_unicode_ci;

-- Dumping data for table skripsi2.santri_tambahan_bulanans: ~0 rows (approximately)

-- Dumping structure for table skripsi2.sessions
CREATE TABLE IF NOT EXISTS `sessions` (
  `id` varchar(255) CHARACTER SET utf8mb4 COLLATE utf8mb4_unicode_ci NOT NULL,
  `user_id` bigint unsigned DEFAULT NULL,
  `ip_address` varchar(45) CHARACTER SET utf8mb4 COLLATE utf8mb4_unicode_ci DEFAULT NULL,
  `user_agent` text CHARACTER SET utf8mb4 COLLATE utf8mb4_unicode_ci,
  `payload` longtext CHARACTER SET utf8mb4 COLLATE utf8mb4_unicode_ci NOT NULL,
  `last_activity` int NOT NULL,
  PRIMARY KEY (`id`),
  KEY `sessions_user_id_index` (`user_id`),
  KEY `sessions_last_activity_index` (`last_activity`)
) ENGINE=InnoDB DEFAULT CHARSET=utf8mb4 COLLATE=utf8mb4_unicode_ci;

-- Dumping data for table skripsi2.sessions: ~1 rows (approximately)

-- Dumping structure for table skripsi2.tagihan_bulanans
CREATE TABLE IF NOT EXISTS `tagihan_bulanans` (
  `id_tagihan_bulanan` bigint unsigned NOT NULL AUTO_INCREMENT,
  `santri_id` bigint unsigned NOT NULL,
  `bulan` enum('Jan','Feb','Mar','Apr','May','Jun','Jul','Aug','Sep','Oct','Nov','Dec') CHARACTER SET utf8mb4 COLLATE utf8mb4_unicode_ci NOT NULL,
  `bulan_urutan` tinyint DEFAULT NULL,
  `tahun` year NOT NULL,
  `due_date` date DEFAULT NULL,
  `nominal` double NOT NULL,
  `rincian` json NOT NULL,
  `status` enum('lunas','belum_lunas','dibayar_sebagian') CHARACTER SET utf8mb4 COLLATE utf8mb4_unicode_ci NOT NULL DEFAULT 'belum_lunas',
  `deleted_at` timestamp NULL DEFAULT NULL,
  `created_at` timestamp NULL DEFAULT NULL,
  `updated_at` timestamp NULL DEFAULT NULL,
  PRIMARY KEY (`id_tagihan_bulanan`),
  KEY `tagihan_bulanans_santri_id_foreign` (`santri_id`),
  KEY `idx_tagihan_bulanan_lookup` (`santri_id`,`tahun`,`bulan`),
  KEY `idx_tagihan_bulanan_status` (`status`,`tahun`),
  KEY `idx_tagihan_bulanan_deleted` (`deleted_at`),
  KEY `idx_tagihan_bulanan_due` (`due_date`),
  CONSTRAINT `tagihan_bulanans_santri_id_foreign` FOREIGN KEY (`santri_id`) REFERENCES `santris` (`id_santri`) ON DELETE CASCADE
) ENGINE=InnoDB AUTO_INCREMENT=578 DEFAULT CHARSET=utf8mb4 COLLATE=utf8mb4_unicode_ci;

-- Dumping data for table skripsi2.tagihan_bulanans: ~443 rows (approximately)
INSERT INTO `tagihan_bulanans` (`id_tagihan_bulanan`, `santri_id`, `bulan`, `bulan_urutan`, `tahun`, `due_date`, `nominal`, `rincian`, `status`, `deleted_at`, `created_at`, `updated_at`) VALUES
	(135, 344, 'Jan', 1, '2025', '2025-02-01', 450000, '[{"nama": "Reguler", "nominal": 250000, "biaya_santri_id": 180}, {"nama": "Motor", "nominal": 200000, "biaya_santri_id": 181}]', 'belum_lunas', '2025-07-05 03:39:20', '2025-07-03 23:19:55', '2025-07-05 03:39:20'),
	(136, 348, 'Jan', 1, '2025', '2025-02-01', 250000, '[{"nama": "Reguler", "nominal": 250000, "biaya_santri_id": 122}]', 'belum_lunas', NULL, '2025-07-05 03:39:48', '2025-07-05 03:39:48'),
	(137, 348, 'Feb', 2, '2025', '2025-03-01', 250000, '[{"nama": "Reguler", "nominal": 250000, "biaya_santri_id": 122}]', 'belum_lunas', NULL, '2025-07-05 03:39:48', '2025-07-05 03:39:48'),
	(138, 348, 'Mar', 3, '2025', '2025-04-01', 250000, '[{"nama": "Reguler", "nominal": 250000, "biaya_santri_id": 122}]', 'belum_lunas', NULL, '2025-07-05 03:39:48', '2025-07-05 03:39:48'),
	(139, 348, 'Apr', 4, '2025', '2025-05-01', 250000, '[{"nama": "Reguler", "nominal": 250000, "biaya_santri_id": 122}]', 'belum_lunas', NULL, '2025-07-05 03:39:48', '2025-07-05 03:39:48'),
	(140, 348, 'May', 5, '2025', '2025-06-01', 250000, '[{"nama": "Reguler", "nominal": 250000, "biaya_santri_id": 122}]', 'belum_lunas', NULL, '2025-07-05 03:39:48', '2025-07-05 03:39:48'),
	(141, 348, 'Jun', 6, '2025', '2025-07-01', 250000, '[{"nama": "Reguler", "nominal": 250000, "biaya_santri_id": 122}]', 'belum_lunas', NULL, '2025-07-05 03:39:48', '2025-07-05 03:39:48'),
	(142, 348, 'Jul', 7, '2025', '2025-08-01', 250000, '[{"nama": "Reguler", "nominal": 250000, "biaya_santri_id": 122}]', 'belum_lunas', NULL, '2025-07-05 03:39:48', '2025-07-05 03:39:48'),
	(143, 348, 'Aug', 8, '2025', '2025-09-01', 250000, '[{"nama": "Reguler", "nominal": 250000, "biaya_santri_id": 122}]', 'belum_lunas', NULL, '2025-07-05 03:39:48', '2025-07-05 03:39:48'),
	(144, 348, 'Sep', 9, '2025', '2025-10-01', 250000, '[{"nama": "Reguler", "nominal": 250000, "biaya_santri_id": 122}]', 'belum_lunas', NULL, '2025-07-05 03:39:48', '2025-07-05 03:39:48'),
	(145, 348, 'Oct', 10, '2025', '2025-11-01', 250000, '[{"nama": "Reguler", "nominal": 250000, "biaya_santri_id": 122}]', 'belum_lunas', NULL, '2025-07-05 03:39:49', '2025-07-05 03:39:49'),
	(146, 348, 'Nov', 11, '2025', '2025-12-01', 250000, '[{"nama": "Reguler", "nominal": 250000, "biaya_santri_id": 122}]', 'belum_lunas', NULL, '2025-07-05 03:39:49', '2025-07-05 03:39:49'),
	(147, 348, 'Dec', 12, '2025', '2026-01-01', 250000, '[{"nama": "Reguler", "nominal": 250000, "biaya_santri_id": 122}]', 'belum_lunas', NULL, '2025-07-05 03:39:49', '2025-07-05 03:39:49'),
	(148, 352, 'Jan', 1, '2025', '2025-02-01', 250000, '[{"nama": "Reguler", "nominal": 250000, "biaya_santri_id": 126}]', 'belum_lunas', NULL, '2025-07-05 03:39:49', '2025-07-05 03:39:49'),
	(149, 352, 'Feb', 2, '2025', '2025-03-01', 250000, '[{"nama": "Reguler", "nominal": 250000, "biaya_santri_id": 126}]', 'belum_lunas', NULL, '2025-07-05 03:39:49', '2025-07-05 03:39:49'),
	(150, 352, 'Mar', 3, '2025', '2025-04-01', 250000, '[{"nama": "Reguler", "nominal": 250000, "biaya_santri_id": 126}]', 'belum_lunas', NULL, '2025-07-05 03:39:49', '2025-07-05 03:39:49'),
	(151, 352, 'Apr', 4, '2025', '2025-05-01', 250000, '[{"nama": "Reguler", "nominal": 250000, "biaya_santri_id": 126}]', 'belum_lunas', NULL, '2025-07-05 03:39:49', '2025-07-05 03:39:49'),
	(152, 352, 'May', 5, '2025', '2025-06-01', 250000, '[{"nama": "Reguler", "nominal": 250000, "biaya_santri_id": 126}]', 'belum_lunas', NULL, '2025-07-05 03:39:49', '2025-07-05 03:39:49'),
	(153, 352, 'Jun', 6, '2025', '2025-07-01', 250000, '[{"nama": "Reguler", "nominal": 250000, "biaya_santri_id": 126}]', 'belum_lunas', NULL, '2025-07-05 03:39:49', '2025-07-05 03:39:49'),
	(154, 352, 'Jul', 7, '2025', '2025-08-01', 250000, '[{"nama": "Reguler", "nominal": 250000, "biaya_santri_id": 126}]', 'belum_lunas', NULL, '2025-07-05 03:39:49', '2025-07-05 03:39:49'),
	(155, 352, 'Aug', 8, '2025', '2025-09-01', 250000, '[{"nama": "Reguler", "nominal": 250000, "biaya_santri_id": 126}]', 'belum_lunas', NULL, '2025-07-05 03:39:49', '2025-07-05 03:39:49'),
	(156, 352, 'Sep', 9, '2025', '2025-10-01', 250000, '[{"nama": "Reguler", "nominal": 250000, "biaya_santri_id": 126}]', 'belum_lunas', NULL, '2025-07-05 03:39:49', '2025-07-05 03:39:49'),
	(157, 352, 'Oct', 10, '2025', '2025-11-01', 250000, '[{"nama": "Reguler", "nominal": 250000, "biaya_santri_id": 126}]', 'belum_lunas', NULL, '2025-07-05 03:39:49', '2025-07-05 03:39:49'),
	(158, 352, 'Nov', 11, '2025', '2025-12-01', 250000, '[{"nama": "Reguler", "nominal": 250000, "biaya_santri_id": 126}]', 'belum_lunas', NULL, '2025-07-05 03:39:49', '2025-07-05 03:39:49'),
	(159, 352, 'Dec', 12, '2025', '2026-01-01', 250000, '[{"nama": "Reguler", "nominal": 250000, "biaya_santri_id": 126}]', 'belum_lunas', NULL, '2025-07-05 03:39:49', '2025-07-05 03:39:49'),
	(160, 354, 'Jan', 1, '2025', '2025-02-01', 250000, '[{"nama": "Reguler", "nominal": 250000, "biaya_santri_id": 128}]', 'belum_lunas', NULL, '2025-07-05 03:39:49', '2025-07-05 03:39:49'),
	(161, 354, 'Feb', 2, '2025', '2025-03-01', 250000, '[{"nama": "Reguler", "nominal": 250000, "biaya_santri_id": 128}]', 'belum_lunas', NULL, '2025-07-05 03:39:49', '2025-07-05 03:39:49'),
	(162, 354, 'Mar', 3, '2025', '2025-04-01', 250000, '[{"nama": "Reguler", "nominal": 250000, "biaya_santri_id": 128}]', 'belum_lunas', NULL, '2025-07-05 03:39:49', '2025-07-05 03:39:49'),
	(163, 354, 'Apr', 4, '2025', '2025-05-01', 250000, '[{"nama": "Reguler", "nominal": 250000, "biaya_santri_id": 128}]', 'belum_lunas', NULL, '2025-07-05 03:39:49', '2025-07-05 03:39:49'),
	(164, 354, 'May', 5, '2025', '2025-06-01', 250000, '[{"nama": "Reguler", "nominal": 250000, "biaya_santri_id": 128}]', 'belum_lunas', NULL, '2025-07-05 03:39:49', '2025-07-05 03:39:49'),
	(165, 354, 'Jun', 6, '2025', '2025-07-01', 250000, '[{"nama": "Reguler", "nominal": 250000, "biaya_santri_id": 128}]', 'belum_lunas', NULL, '2025-07-05 03:39:49', '2025-07-05 03:39:49'),
	(166, 354, 'Jul', 7, '2025', '2025-08-01', 250000, '[{"nama": "Reguler", "nominal": 250000, "biaya_santri_id": 128}]', 'belum_lunas', NULL, '2025-07-05 03:39:49', '2025-07-05 03:39:49'),
	(167, 354, 'Aug', 8, '2025', '2025-09-01', 250000, '[{"nama": "Reguler", "nominal": 250000, "biaya_santri_id": 128}]', 'belum_lunas', NULL, '2025-07-05 03:39:49', '2025-07-05 03:39:49'),
	(168, 354, 'Sep', 9, '2025', '2025-10-01', 250000, '[{"nama": "Reguler", "nominal": 250000, "biaya_santri_id": 128}]', 'belum_lunas', NULL, '2025-07-05 03:39:49', '2025-07-05 03:39:49'),
	(169, 354, 'Oct', 10, '2025', '2025-11-01', 250000, '[{"nama": "Reguler", "nominal": 250000, "biaya_santri_id": 128}]', 'belum_lunas', NULL, '2025-07-05 03:39:49', '2025-07-05 03:39:49'),
	(170, 354, 'Nov', 11, '2025', '2025-12-01', 250000, '[{"nama": "Reguler", "nominal": 250000, "biaya_santri_id": 128}]', 'belum_lunas', NULL, '2025-07-05 03:39:49', '2025-07-05 03:39:49'),
	(171, 354, 'Dec', 12, '2025', '2026-01-01', 250000, '[{"nama": "Reguler", "nominal": 250000, "biaya_santri_id": 128}]', 'belum_lunas', NULL, '2025-07-05 03:39:49', '2025-07-05 03:39:49'),
	(172, 355, 'Jan', 1, '2025', '2025-02-01', 250000, '[{"nama": "Reguler", "nominal": 250000, "biaya_santri_id": 129}]', 'belum_lunas', NULL, '2025-07-05 03:39:49', '2025-07-05 03:39:49'),
	(173, 355, 'Feb', 2, '2025', '2025-03-01', 250000, '[{"nama": "Reguler", "nominal": 250000, "biaya_santri_id": 129}]', 'belum_lunas', NULL, '2025-07-05 03:39:49', '2025-07-05 03:39:49'),
	(174, 355, 'Mar', 3, '2025', '2025-04-01', 250000, '[{"nama": "Reguler", "nominal": 250000, "biaya_santri_id": 129}]', 'belum_lunas', NULL, '2025-07-05 03:39:49', '2025-07-05 03:39:49'),
	(175, 355, 'Apr', 4, '2025', '2025-05-01', 250000, '[{"nama": "Reguler", "nominal": 250000, "biaya_santri_id": 129}]', 'belum_lunas', NULL, '2025-07-05 03:39:49', '2025-07-05 03:39:49'),
	(176, 355, 'May', 5, '2025', '2025-06-01', 250000, '[{"nama": "Reguler", "nominal": 250000, "biaya_santri_id": 129}]', 'belum_lunas', NULL, '2025-07-05 03:39:49', '2025-07-05 03:39:49'),
	(177, 355, 'Jun', 6, '2025', '2025-07-01', 250000, '[{"nama": "Reguler", "nominal": 250000, "biaya_santri_id": 129}]', 'belum_lunas', NULL, '2025-07-05 03:39:49', '2025-07-05 03:39:49'),
	(178, 355, 'Jul', 7, '2025', '2025-08-01', 250000, '[{"nama": "Reguler", "nominal": 250000, "biaya_santri_id": 129}]', 'belum_lunas', NULL, '2025-07-05 03:39:49', '2025-07-05 03:39:49'),
	(179, 355, 'Aug', 8, '2025', '2025-09-01', 250000, '[{"nama": "Reguler", "nominal": 250000, "biaya_santri_id": 129}]', 'belum_lunas', NULL, '2025-07-05 03:39:49', '2025-07-05 03:39:49'),
	(180, 355, 'Sep', 9, '2025', '2025-10-01', 250000, '[{"nama": "Reguler", "nominal": 250000, "biaya_santri_id": 129}]', 'belum_lunas', NULL, '2025-07-05 03:39:49', '2025-07-05 03:39:49'),
	(181, 355, 'Oct', 10, '2025', '2025-11-01', 250000, '[{"nama": "Reguler", "nominal": 250000, "biaya_santri_id": 129}]', 'belum_lunas', NULL, '2025-07-05 03:39:49', '2025-07-05 03:39:49'),
	(182, 355, 'Nov', 11, '2025', '2025-12-01', 250000, '[{"nama": "Reguler", "nominal": 250000, "biaya_santri_id": 129}]', 'belum_lunas', NULL, '2025-07-05 03:39:49', '2025-07-05 03:39:49'),
	(183, 355, 'Dec', 12, '2025', '2026-01-01', 250000, '[{"nama": "Reguler", "nominal": 250000, "biaya_santri_id": 129}]', 'belum_lunas', NULL, '2025-07-05 03:39:49', '2025-07-05 03:39:49'),
	(184, 357, 'Jan', 1, '2025', '2025-02-01', 250000, '[{"nama": "Reguler", "nominal": 250000, "biaya_santri_id": 131}]', 'belum_lunas', NULL, '2025-07-05 03:39:49', '2025-07-05 03:39:49'),
	(185, 357, 'Feb', 2, '2025', '2025-03-01', 250000, '[{"nama": "Reguler", "nominal": 250000, "biaya_santri_id": 131}]', 'belum_lunas', NULL, '2025-07-05 03:39:49', '2025-07-05 03:39:49'),
	(186, 357, 'Mar', 3, '2025', '2025-04-01', 250000, '[{"nama": "Reguler", "nominal": 250000, "biaya_santri_id": 131}]', 'belum_lunas', NULL, '2025-07-05 03:39:49', '2025-07-05 03:39:49'),
	(187, 357, 'Apr', 4, '2025', '2025-05-01', 250000, '[{"nama": "Reguler", "nominal": 250000, "biaya_santri_id": 131}]', 'belum_lunas', NULL, '2025-07-05 03:39:49', '2025-07-05 03:39:49'),
	(188, 357, 'May', 5, '2025', '2025-06-01', 250000, '[{"nama": "Reguler", "nominal": 250000, "biaya_santri_id": 131}]', 'belum_lunas', NULL, '2025-07-05 03:39:49', '2025-07-05 03:39:49'),
	(189, 357, 'Jun', 6, '2025', '2025-07-01', 250000, '[{"nama": "Reguler", "nominal": 250000, "biaya_santri_id": 131}]', 'belum_lunas', NULL, '2025-07-05 03:39:49', '2025-07-05 03:39:49'),
	(190, 357, 'Jul', 7, '2025', '2025-08-01', 250000, '[{"nama": "Reguler", "nominal": 250000, "biaya_santri_id": 131}]', 'belum_lunas', NULL, '2025-07-05 03:39:49', '2025-07-05 03:39:49'),
	(191, 357, 'Aug', 8, '2025', '2025-09-01', 250000, '[{"nama": "Reguler", "nominal": 250000, "biaya_santri_id": 131}]', 'belum_lunas', NULL, '2025-07-05 03:39:49', '2025-07-05 03:39:49'),
	(192, 357, 'Sep', 9, '2025', '2025-10-01', 250000, '[{"nama": "Reguler", "nominal": 250000, "biaya_santri_id": 131}]', 'belum_lunas', NULL, '2025-07-05 03:39:49', '2025-07-05 03:39:49'),
	(193, 357, 'Oct', 10, '2025', '2025-11-01', 250000, '[{"nama": "Reguler", "nominal": 250000, "biaya_santri_id": 131}]', 'belum_lunas', NULL, '2025-07-05 03:39:49', '2025-07-05 03:39:49'),
	(194, 357, 'Nov', 11, '2025', '2025-12-01', 250000, '[{"nama": "Reguler", "nominal": 250000, "biaya_santri_id": 131}]', 'belum_lunas', NULL, '2025-07-05 03:39:49', '2025-07-05 03:39:49'),
	(195, 357, 'Dec', 12, '2025', '2026-01-01', 250000, '[{"nama": "Reguler", "nominal": 250000, "biaya_santri_id": 131}]', 'belum_lunas', NULL, '2025-07-05 03:39:49', '2025-07-05 03:39:49'),
	(196, 358, 'Jan', 1, '2025', '2025-02-01', 250000, '[{"nama": "Reguler", "nominal": 250000, "biaya_santri_id": 132}]', 'belum_lunas', NULL, '2025-07-05 03:39:49', '2025-07-05 03:39:49'),
	(197, 358, 'Feb', 2, '2025', '2025-03-01', 250000, '[{"nama": "Reguler", "nominal": 250000, "biaya_santri_id": 132}]', 'belum_lunas', NULL, '2025-07-05 03:39:49', '2025-07-05 03:39:49'),
	(198, 358, 'Mar', 3, '2025', '2025-04-01', 250000, '[{"nama": "Reguler", "nominal": 250000, "biaya_santri_id": 132}]', 'belum_lunas', NULL, '2025-07-05 03:39:49', '2025-07-05 03:39:49'),
	(199, 358, 'Apr', 4, '2025', '2025-05-01', 250000, '[{"nama": "Reguler", "nominal": 250000, "biaya_santri_id": 132}]', 'belum_lunas', NULL, '2025-07-05 03:39:49', '2025-07-05 03:39:49'),
	(200, 358, 'May', 5, '2025', '2025-06-01', 250000, '[{"nama": "Reguler", "nominal": 250000, "biaya_santri_id": 132}]', 'belum_lunas', NULL, '2025-07-05 03:39:49', '2025-07-05 03:39:49'),
	(201, 358, 'Jun', 6, '2025', '2025-07-01', 250000, '[{"nama": "Reguler", "nominal": 250000, "biaya_santri_id": 132}]', 'belum_lunas', NULL, '2025-07-05 03:39:49', '2025-07-05 03:39:49'),
	(202, 358, 'Jul', 7, '2025', '2025-08-01', 250000, '[{"nama": "Reguler", "nominal": 250000, "biaya_santri_id": 132}]', 'belum_lunas', NULL, '2025-07-05 03:39:49', '2025-07-05 03:39:49'),
	(203, 358, 'Aug', 8, '2025', '2025-09-01', 250000, '[{"nama": "Reguler", "nominal": 250000, "biaya_santri_id": 132}]', 'belum_lunas', NULL, '2025-07-05 03:39:49', '2025-07-05 03:39:49'),
	(204, 358, 'Sep', 9, '2025', '2025-10-01', 250000, '[{"nama": "Reguler", "nominal": 250000, "biaya_santri_id": 132}]', 'belum_lunas', NULL, '2025-07-05 03:39:49', '2025-07-05 03:39:49'),
	(205, 358, 'Oct', 10, '2025', '2025-11-01', 250000, '[{"nama": "Reguler", "nominal": 250000, "biaya_santri_id": 132}]', 'belum_lunas', NULL, '2025-07-05 03:39:49', '2025-07-05 03:39:49'),
	(206, 358, 'Nov', 11, '2025', '2025-12-01', 250000, '[{"nama": "Reguler", "nominal": 250000, "biaya_santri_id": 132}]', 'belum_lunas', NULL, '2025-07-05 03:39:49', '2025-07-05 03:39:49'),
	(207, 358, 'Dec', 12, '2025', '2026-01-01', 250000, '[{"nama": "Reguler", "nominal": 250000, "biaya_santri_id": 132}]', 'belum_lunas', NULL, '2025-07-05 03:39:49', '2025-07-05 03:39:49'),
	(208, 359, 'Jan', 1, '2025', '2025-02-01', 250000, '[{"nama": "Reguler", "nominal": 250000, "biaya_santri_id": 133}]', 'belum_lunas', NULL, '2025-07-05 03:39:49', '2025-07-05 03:39:49'),
	(209, 359, 'Feb', 2, '2025', '2025-03-01', 250000, '[{"nama": "Reguler", "nominal": 250000, "biaya_santri_id": 133}]', 'belum_lunas', NULL, '2025-07-05 03:39:49', '2025-07-05 03:39:49'),
	(210, 359, 'Mar', 3, '2025', '2025-04-01', 250000, '[{"nama": "Reguler", "nominal": 250000, "biaya_santri_id": 133}]', 'belum_lunas', NULL, '2025-07-05 03:39:49', '2025-07-05 03:39:49'),
	(211, 359, 'Apr', 4, '2025', '2025-05-01', 250000, '[{"nama": "Reguler", "nominal": 250000, "biaya_santri_id": 133}]', 'belum_lunas', NULL, '2025-07-05 03:39:49', '2025-07-05 03:39:49'),
	(212, 359, 'May', 5, '2025', '2025-06-01', 250000, '[{"nama": "Reguler", "nominal": 250000, "biaya_santri_id": 133}]', 'belum_lunas', NULL, '2025-07-05 03:39:49', '2025-07-05 03:39:49'),
	(213, 359, 'Jun', 6, '2025', '2025-07-01', 250000, '[{"nama": "Reguler", "nominal": 250000, "biaya_santri_id": 133}]', 'belum_lunas', NULL, '2025-07-05 03:39:49', '2025-07-05 03:39:49'),
	(214, 359, 'Jul', 7, '2025', '2025-08-01', 250000, '[{"nama": "Reguler", "nominal": 250000, "biaya_santri_id": 133}]', 'belum_lunas', NULL, '2025-07-05 03:39:49', '2025-07-05 03:39:49'),
	(215, 359, 'Aug', 8, '2025', '2025-09-01', 250000, '[{"nama": "Reguler", "nominal": 250000, "biaya_santri_id": 133}]', 'belum_lunas', NULL, '2025-07-05 03:39:49', '2025-07-05 03:39:49'),
	(216, 359, 'Sep', 9, '2025', '2025-10-01', 250000, '[{"nama": "Reguler", "nominal": 250000, "biaya_santri_id": 133}]', 'belum_lunas', NULL, '2025-07-05 03:39:49', '2025-07-05 03:39:49'),
	(217, 359, 'Oct', 10, '2025', '2025-11-01', 250000, '[{"nama": "Reguler", "nominal": 250000, "biaya_santri_id": 133}]', 'belum_lunas', NULL, '2025-07-05 03:39:49', '2025-07-05 03:39:49'),
	(218, 359, 'Nov', 11, '2025', '2025-12-01', 250000, '[{"nama": "Reguler", "nominal": 250000, "biaya_santri_id": 133}]', 'belum_lunas', NULL, '2025-07-05 03:39:49', '2025-07-05 03:39:49'),
	(219, 359, 'Dec', 12, '2025', '2026-01-01', 250000, '[{"nama": "Reguler", "nominal": 250000, "biaya_santri_id": 133}]', 'belum_lunas', NULL, '2025-07-05 03:39:49', '2025-07-05 03:39:49'),
	(220, 361, 'Jan', 1, '2025', '2025-02-01', 250000, '[{"nama": "Reguler", "nominal": 250000, "biaya_santri_id": 135}]', 'lunas', NULL, '2025-07-05 03:39:49', '2025-07-05 17:02:56'),
	(221, 361, 'Feb', 2, '2025', '2025-03-01', 250000, '[{"nama": "Reguler", "nominal": 250000, "biaya_santri_id": 135}]', 'lunas', NULL, '2025-07-05 03:39:49', '2025-07-05 17:48:48'),
	(222, 361, 'Mar', 3, '2025', '2025-04-01', 250000, '[{"nama": "Reguler", "nominal": 250000, "biaya_santri_id": 135}]', 'lunas', NULL, '2025-07-05 03:39:49', '2025-07-05 17:48:48'),
	(223, 361, 'Apr', 4, '2025', '2025-05-01', 250000, '[{"nama": "Reguler", "nominal": 250000, "biaya_santri_id": 135}]', 'belum_lunas', NULL, '2025-07-05 03:39:49', '2025-07-05 03:39:49'),
	(224, 361, 'May', 5, '2025', '2025-06-01', 250000, '[{"nama": "Reguler", "nominal": 250000, "biaya_santri_id": 135}]', 'belum_lunas', NULL, '2025-07-05 03:39:49', '2025-07-05 03:39:49'),
	(225, 361, 'Jun', 6, '2025', '2025-07-01', 250000, '[{"nama": "Reguler", "nominal": 250000, "biaya_santri_id": 135}]', 'belum_lunas', NULL, '2025-07-05 03:39:49', '2025-07-05 03:39:49'),
	(226, 361, 'Jul', 7, '2025', '2025-08-01', 250000, '[{"nama": "Reguler", "nominal": 250000, "biaya_santri_id": 135}]', 'belum_lunas', NULL, '2025-07-05 03:39:49', '2025-07-05 03:39:49'),
	(227, 361, 'Aug', 8, '2025', '2025-09-01', 250000, '[{"nama": "Reguler", "nominal": 250000, "biaya_santri_id": 135}]', 'belum_lunas', NULL, '2025-07-05 03:39:49', '2025-07-05 03:39:49'),
	(228, 361, 'Sep', 9, '2025', '2025-10-01', 250000, '[{"nama": "Reguler", "nominal": 250000, "biaya_santri_id": 135}]', 'belum_lunas', NULL, '2025-07-05 03:39:49', '2025-07-05 03:39:49'),
	(229, 361, 'Oct', 10, '2025', '2025-11-01', 250000, '[{"nama": "Reguler", "nominal": 250000, "biaya_santri_id": 135}]', 'belum_lunas', NULL, '2025-07-05 03:39:49', '2025-07-05 03:39:49'),
	(230, 361, 'Nov', 11, '2025', '2025-12-01', 250000, '[{"nama": "Reguler", "nominal": 250000, "biaya_santri_id": 135}]', 'belum_lunas', NULL, '2025-07-05 03:39:49', '2025-07-05 03:39:49'),
	(231, 361, 'Dec', 12, '2025', '2026-01-01', 250000, '[{"nama": "Reguler", "nominal": 250000, "biaya_santri_id": 135}]', 'belum_lunas', NULL, '2025-07-05 03:39:49', '2025-07-05 03:39:49'),
	(232, 362, 'Jan', 1, '2025', '2025-02-01', 250000, '[{"nama": "Reguler", "nominal": 250000, "biaya_santri_id": 136}]', 'belum_lunas', NULL, '2025-07-05 03:39:49', '2025-07-05 03:39:49'),
	(233, 362, 'Feb', 2, '2025', '2025-03-01', 250000, '[{"nama": "Reguler", "nominal": 250000, "biaya_santri_id": 136}]', 'belum_lunas', NULL, '2025-07-05 03:39:49', '2025-07-05 03:39:49'),
	(234, 362, 'Mar', 3, '2025', '2025-04-01', 250000, '[{"nama": "Reguler", "nominal": 250000, "biaya_santri_id": 136}]', 'belum_lunas', NULL, '2025-07-05 03:39:49', '2025-07-05 03:39:49'),
	(235, 362, 'Apr', 4, '2025', '2025-05-01', 250000, '[{"nama": "Reguler", "nominal": 250000, "biaya_santri_id": 136}]', 'belum_lunas', NULL, '2025-07-05 03:39:49', '2025-07-05 03:39:49'),
	(236, 362, 'May', 5, '2025', '2025-06-01', 250000, '[{"nama": "Reguler", "nominal": 250000, "biaya_santri_id": 136}]', 'belum_lunas', NULL, '2025-07-05 03:39:49', '2025-07-05 03:39:49'),
	(237, 362, 'Jun', 6, '2025', '2025-07-01', 250000, '[{"nama": "Reguler", "nominal": 250000, "biaya_santri_id": 136}]', 'belum_lunas', NULL, '2025-07-05 03:39:49', '2025-07-05 03:39:49'),
	(238, 362, 'Jul', 7, '2025', '2025-08-01', 250000, '[{"nama": "Reguler", "nominal": 250000, "biaya_santri_id": 136}]', 'belum_lunas', NULL, '2025-07-05 03:39:49', '2025-07-05 03:39:49'),
	(239, 362, 'Aug', 8, '2025', '2025-09-01', 250000, '[{"nama": "Reguler", "nominal": 250000, "biaya_santri_id": 136}]', 'belum_lunas', NULL, '2025-07-05 03:39:49', '2025-07-05 03:39:49'),
	(240, 362, 'Sep', 9, '2025', '2025-10-01', 250000, '[{"nama": "Reguler", "nominal": 250000, "biaya_santri_id": 136}]', 'belum_lunas', NULL, '2025-07-05 03:39:49', '2025-07-05 03:39:49'),
	(241, 362, 'Oct', 10, '2025', '2025-11-01', 250000, '[{"nama": "Reguler", "nominal": 250000, "biaya_santri_id": 136}]', 'belum_lunas', NULL, '2025-07-05 03:39:49', '2025-07-05 03:39:49'),
	(242, 362, 'Nov', 11, '2025', '2025-12-01', 250000, '[{"nama": "Reguler", "nominal": 250000, "biaya_santri_id": 136}]', 'belum_lunas', NULL, '2025-07-05 03:39:49', '2025-07-05 03:39:49'),
	(243, 362, 'Dec', 12, '2025', '2026-01-01', 250000, '[{"nama": "Reguler", "nominal": 250000, "biaya_santri_id": 136}]', 'belum_lunas', NULL, '2025-07-05 03:39:49', '2025-07-05 03:39:49'),
	(244, 364, 'Jan', 1, '2025', '2025-02-01', 250000, '[{"nama": "Reguler", "nominal": 250000, "biaya_santri_id": 138}]', 'belum_lunas', NULL, '2025-07-05 03:39:49', '2025-07-05 03:39:49'),
	(245, 364, 'Feb', 2, '2025', '2025-03-01', 250000, '[{"nama": "Reguler", "nominal": 250000, "biaya_santri_id": 138}]', 'belum_lunas', NULL, '2025-07-05 03:39:49', '2025-07-05 03:39:49'),
	(246, 364, 'Mar', 3, '2025', '2025-04-01', 250000, '[{"nama": "Reguler", "nominal": 250000, "biaya_santri_id": 138}]', 'belum_lunas', NULL, '2025-07-05 03:39:49', '2025-07-05 03:39:49'),
	(247, 364, 'Apr', 4, '2025', '2025-05-01', 250000, '[{"nama": "Reguler", "nominal": 250000, "biaya_santri_id": 138}]', 'belum_lunas', NULL, '2025-07-05 03:39:49', '2025-07-05 03:39:49'),
	(248, 364, 'May', 5, '2025', '2025-06-01', 250000, '[{"nama": "Reguler", "nominal": 250000, "biaya_santri_id": 138}]', 'belum_lunas', NULL, '2025-07-05 03:39:49', '2025-07-05 03:39:49'),
	(249, 364, 'Jun', 6, '2025', '2025-07-01', 250000, '[{"nama": "Reguler", "nominal": 250000, "biaya_santri_id": 138}]', 'belum_lunas', NULL, '2025-07-05 03:39:49', '2025-07-05 03:39:49'),
	(250, 364, 'Jul', 7, '2025', '2025-08-01', 250000, '[{"nama": "Reguler", "nominal": 250000, "biaya_santri_id": 138}]', 'belum_lunas', NULL, '2025-07-05 03:39:49', '2025-07-05 03:39:49'),
	(251, 364, 'Aug', 8, '2025', '2025-09-01', 250000, '[{"nama": "Reguler", "nominal": 250000, "biaya_santri_id": 138}]', 'belum_lunas', NULL, '2025-07-05 03:39:49', '2025-07-05 03:39:49'),
	(252, 364, 'Sep', 9, '2025', '2025-10-01', 250000, '[{"nama": "Reguler", "nominal": 250000, "biaya_santri_id": 138}]', 'belum_lunas', NULL, '2025-07-05 03:39:49', '2025-07-05 03:39:49'),
	(253, 364, 'Oct', 10, '2025', '2025-11-01', 250000, '[{"nama": "Reguler", "nominal": 250000, "biaya_santri_id": 138}]', 'belum_lunas', NULL, '2025-07-05 03:39:49', '2025-07-05 03:39:49'),
	(254, 364, 'Nov', 11, '2025', '2025-12-01', 250000, '[{"nama": "Reguler", "nominal": 250000, "biaya_santri_id": 138}]', 'belum_lunas', NULL, '2025-07-05 03:39:49', '2025-07-05 03:39:49'),
	(255, 364, 'Dec', 12, '2025', '2026-01-01', 250000, '[{"nama": "Reguler", "nominal": 250000, "biaya_santri_id": 138}]', 'belum_lunas', NULL, '2025-07-05 03:39:49', '2025-07-05 03:39:49'),
	(256, 365, 'Jan', 1, '2025', '2025-02-01', 250000, '[{"nama": "Reguler", "nominal": 250000, "biaya_santri_id": 139}]', 'belum_lunas', NULL, '2025-07-05 03:39:49', '2025-07-05 03:39:49'),
	(257, 365, 'Feb', 2, '2025', '2025-03-01', 250000, '[{"nama": "Reguler", "nominal": 250000, "biaya_santri_id": 139}]', 'belum_lunas', NULL, '2025-07-05 03:39:49', '2025-07-05 03:39:49'),
	(258, 365, 'Mar', 3, '2025', '2025-04-01', 250000, '[{"nama": "Reguler", "nominal": 250000, "biaya_santri_id": 139}]', 'belum_lunas', NULL, '2025-07-05 03:39:49', '2025-07-05 03:39:49'),
	(259, 365, 'Apr', 4, '2025', '2025-05-01', 250000, '[{"nama": "Reguler", "nominal": 250000, "biaya_santri_id": 139}]', 'belum_lunas', NULL, '2025-07-05 03:39:49', '2025-07-05 03:39:49'),
	(260, 365, 'May', 5, '2025', '2025-06-01', 250000, '[{"nama": "Reguler", "nominal": 250000, "biaya_santri_id": 139}]', 'belum_lunas', NULL, '2025-07-05 03:39:49', '2025-07-05 03:39:49'),
	(261, 365, 'Jun', 6, '2025', '2025-07-01', 250000, '[{"nama": "Reguler", "nominal": 250000, "biaya_santri_id": 139}]', 'belum_lunas', NULL, '2025-07-05 03:39:49', '2025-07-05 03:39:49'),
	(262, 365, 'Jul', 7, '2025', '2025-08-01', 250000, '[{"nama": "Reguler", "nominal": 250000, "biaya_santri_id": 139}]', 'belum_lunas', NULL, '2025-07-05 03:39:49', '2025-07-05 03:39:49'),
	(263, 365, 'Aug', 8, '2025', '2025-09-01', 250000, '[{"nama": "Reguler", "nominal": 250000, "biaya_santri_id": 139}]', 'belum_lunas', NULL, '2025-07-05 03:39:49', '2025-07-05 03:39:49'),
	(264, 365, 'Sep', 9, '2025', '2025-10-01', 250000, '[{"nama": "Reguler", "nominal": 250000, "biaya_santri_id": 139}]', 'belum_lunas', NULL, '2025-07-05 03:39:49', '2025-07-05 03:39:49'),
	(265, 365, 'Oct', 10, '2025', '2025-11-01', 250000, '[{"nama": "Reguler", "nominal": 250000, "biaya_santri_id": 139}]', 'belum_lunas', NULL, '2025-07-05 03:39:49', '2025-07-05 03:39:49'),
	(266, 365, 'Nov', 11, '2025', '2025-12-01', 250000, '[{"nama": "Reguler", "nominal": 250000, "biaya_santri_id": 139}]', 'belum_lunas', NULL, '2025-07-05 03:39:49', '2025-07-05 03:39:49'),
	(267, 365, 'Dec', 12, '2025', '2026-01-01', 250000, '[{"nama": "Reguler", "nominal": 250000, "biaya_santri_id": 139}]', 'belum_lunas', NULL, '2025-07-05 03:39:49', '2025-07-05 03:39:49'),
	(268, 366, 'Jan', 1, '2025', '2025-02-01', 250000, '[{"nama": "Reguler", "nominal": 250000, "biaya_santri_id": 140}]', 'belum_lunas', NULL, '2025-07-05 03:39:49', '2025-07-05 03:39:49'),
	(269, 366, 'Feb', 2, '2025', '2025-03-01', 250000, '[{"nama": "Reguler", "nominal": 250000, "biaya_santri_id": 140}]', 'belum_lunas', NULL, '2025-07-05 03:39:49', '2025-07-05 03:39:49'),
	(270, 366, 'Mar', 3, '2025', '2025-04-01', 250000, '[{"nama": "Reguler", "nominal": 250000, "biaya_santri_id": 140}]', 'belum_lunas', NULL, '2025-07-05 03:39:49', '2025-07-05 03:39:49'),
	(271, 366, 'Apr', 4, '2025', '2025-05-01', 250000, '[{"nama": "Reguler", "nominal": 250000, "biaya_santri_id": 140}]', 'belum_lunas', NULL, '2025-07-05 03:39:49', '2025-07-05 03:39:49'),
	(272, 366, 'May', 5, '2025', '2025-06-01', 250000, '[{"nama": "Reguler", "nominal": 250000, "biaya_santri_id": 140}]', 'belum_lunas', NULL, '2025-07-05 03:39:49', '2025-07-05 03:39:49'),
	(273, 366, 'Jun', 6, '2025', '2025-07-01', 250000, '[{"nama": "Reguler", "nominal": 250000, "biaya_santri_id": 140}]', 'belum_lunas', NULL, '2025-07-05 03:39:49', '2025-07-05 03:39:49'),
	(274, 366, 'Jul', 7, '2025', '2025-08-01', 250000, '[{"nama": "Reguler", "nominal": 250000, "biaya_santri_id": 140}]', 'belum_lunas', NULL, '2025-07-05 03:39:49', '2025-07-05 03:39:49'),
	(275, 366, 'Aug', 8, '2025', '2025-09-01', 250000, '[{"nama": "Reguler", "nominal": 250000, "biaya_santri_id": 140}]', 'belum_lunas', NULL, '2025-07-05 03:39:49', '2025-07-05 03:39:49'),
	(276, 366, 'Sep', 9, '2025', '2025-10-01', 250000, '[{"nama": "Reguler", "nominal": 250000, "biaya_santri_id": 140}]', 'belum_lunas', NULL, '2025-07-05 03:39:49', '2025-07-05 03:39:49'),
	(277, 366, 'Oct', 10, '2025', '2025-11-01', 250000, '[{"nama": "Reguler", "nominal": 250000, "biaya_santri_id": 140}]', 'belum_lunas', NULL, '2025-07-05 03:39:49', '2025-07-05 03:39:49'),
	(278, 366, 'Nov', 11, '2025', '2025-12-01', 250000, '[{"nama": "Reguler", "nominal": 250000, "biaya_santri_id": 140}]', 'belum_lunas', NULL, '2025-07-05 03:39:49', '2025-07-05 03:39:49'),
	(279, 366, 'Dec', 12, '2025', '2026-01-01', 250000, '[{"nama": "Reguler", "nominal": 250000, "biaya_santri_id": 140}]', 'belum_lunas', NULL, '2025-07-05 03:39:49', '2025-07-05 03:39:49'),
	(280, 367, 'Jan', 1, '2025', '2025-02-01', 250000, '[{"nama": "Reguler", "nominal": 250000, "biaya_santri_id": 141}]', 'belum_lunas', NULL, '2025-07-05 03:39:49', '2025-07-05 03:39:49'),
	(281, 367, 'Feb', 2, '2025', '2025-03-01', 250000, '[{"nama": "Reguler", "nominal": 250000, "biaya_santri_id": 141}]', 'belum_lunas', NULL, '2025-07-05 03:39:49', '2025-07-05 03:39:49'),
	(282, 367, 'Mar', 3, '2025', '2025-04-01', 250000, '[{"nama": "Reguler", "nominal": 250000, "biaya_santri_id": 141}]', 'belum_lunas', NULL, '2025-07-05 03:39:49', '2025-07-05 03:39:49'),
	(283, 367, 'Apr', 4, '2025', '2025-05-01', 250000, '[{"nama": "Reguler", "nominal": 250000, "biaya_santri_id": 141}]', 'belum_lunas', NULL, '2025-07-05 03:39:49', '2025-07-05 03:39:49'),
	(284, 367, 'May', 5, '2025', '2025-06-01', 250000, '[{"nama": "Reguler", "nominal": 250000, "biaya_santri_id": 141}]', 'belum_lunas', NULL, '2025-07-05 03:39:49', '2025-07-05 03:39:49'),
	(285, 367, 'Jun', 6, '2025', '2025-07-01', 250000, '[{"nama": "Reguler", "nominal": 250000, "biaya_santri_id": 141}]', 'belum_lunas', NULL, '2025-07-05 03:39:49', '2025-07-05 03:39:49'),
	(286, 367, 'Jul', 7, '2025', '2025-08-01', 250000, '[{"nama": "Reguler", "nominal": 250000, "biaya_santri_id": 141}]', 'belum_lunas', NULL, '2025-07-05 03:39:49', '2025-07-05 03:39:49'),
	(287, 367, 'Aug', 8, '2025', '2025-09-01', 250000, '[{"nama": "Reguler", "nominal": 250000, "biaya_santri_id": 141}]', 'belum_lunas', NULL, '2025-07-05 03:39:49', '2025-07-05 03:39:49'),
	(288, 367, 'Sep', 9, '2025', '2025-10-01', 250000, '[{"nama": "Reguler", "nominal": 250000, "biaya_santri_id": 141}]', 'belum_lunas', NULL, '2025-07-05 03:39:49', '2025-07-05 03:39:49'),
	(289, 367, 'Oct', 10, '2025', '2025-11-01', 250000, '[{"nama": "Reguler", "nominal": 250000, "biaya_santri_id": 141}]', 'belum_lunas', NULL, '2025-07-05 03:39:49', '2025-07-05 03:39:49'),
	(290, 367, 'Nov', 11, '2025', '2025-12-01', 250000, '[{"nama": "Reguler", "nominal": 250000, "biaya_santri_id": 141}]', 'belum_lunas', NULL, '2025-07-05 03:39:49', '2025-07-05 03:39:49'),
	(291, 367, 'Dec', 12, '2025', '2026-01-01', 250000, '[{"nama": "Reguler", "nominal": 250000, "biaya_santri_id": 141}]', 'belum_lunas', NULL, '2025-07-05 03:39:49', '2025-07-05 03:39:49'),
	(292, 368, 'Jan', 1, '2025', '2025-02-01', 250000, '[{"nama": "Reguler", "nominal": 250000, "biaya_santri_id": 142}]', 'belum_lunas', NULL, '2025-07-05 03:39:49', '2025-07-05 03:39:49'),
	(293, 368, 'Feb', 2, '2025', '2025-03-01', 250000, '[{"nama": "Reguler", "nominal": 250000, "biaya_santri_id": 142}]', 'belum_lunas', NULL, '2025-07-05 03:39:49', '2025-07-05 03:39:49'),
	(294, 368, 'Mar', 3, '2025', '2025-04-01', 250000, '[{"nama": "Reguler", "nominal": 250000, "biaya_santri_id": 142}]', 'belum_lunas', NULL, '2025-07-05 03:39:49', '2025-07-05 03:39:49'),
	(295, 368, 'Apr', 4, '2025', '2025-05-01', 250000, '[{"nama": "Reguler", "nominal": 250000, "biaya_santri_id": 142}]', 'belum_lunas', NULL, '2025-07-05 03:39:49', '2025-07-05 03:39:49'),
	(296, 368, 'May', 5, '2025', '2025-06-01', 250000, '[{"nama": "Reguler", "nominal": 250000, "biaya_santri_id": 142}]', 'belum_lunas', NULL, '2025-07-05 03:39:49', '2025-07-05 03:39:49'),
	(297, 368, 'Jun', 6, '2025', '2025-07-01', 250000, '[{"nama": "Reguler", "nominal": 250000, "biaya_santri_id": 142}]', 'belum_lunas', NULL, '2025-07-05 03:39:49', '2025-07-05 03:39:49'),
	(298, 368, 'Jul', 7, '2025', '2025-08-01', 250000, '[{"nama": "Reguler", "nominal": 250000, "biaya_santri_id": 142}]', 'belum_lunas', NULL, '2025-07-05 03:39:49', '2025-07-05 03:39:49'),
	(299, 368, 'Aug', 8, '2025', '2025-09-01', 250000, '[{"nama": "Reguler", "nominal": 250000, "biaya_santri_id": 142}]', 'belum_lunas', NULL, '2025-07-05 03:39:49', '2025-07-05 03:39:49'),
	(300, 368, 'Sep', 9, '2025', '2025-10-01', 250000, '[{"nama": "Reguler", "nominal": 250000, "biaya_santri_id": 142}]', 'belum_lunas', NULL, '2025-07-05 03:39:49', '2025-07-05 03:39:49'),
	(301, 368, 'Oct', 10, '2025', '2025-11-01', 250000, '[{"nama": "Reguler", "nominal": 250000, "biaya_santri_id": 142}]', 'belum_lunas', NULL, '2025-07-05 03:39:49', '2025-07-05 03:39:49'),
	(302, 368, 'Nov', 11, '2025', '2025-12-01', 250000, '[{"nama": "Reguler", "nominal": 250000, "biaya_santri_id": 142}]', 'belum_lunas', NULL, '2025-07-05 03:39:49', '2025-07-05 03:39:49'),
	(303, 368, 'Dec', 12, '2025', '2026-01-01', 250000, '[{"nama": "Reguler", "nominal": 250000, "biaya_santri_id": 142}]', 'belum_lunas', NULL, '2025-07-05 03:39:49', '2025-07-05 03:39:49'),
	(304, 370, 'Jan', 1, '2025', '2025-02-01', 250000, '[{"nama": "Reguler", "nominal": 250000, "biaya_santri_id": 144}]', 'belum_lunas', NULL, '2025-07-05 03:39:49', '2025-07-05 03:39:49'),
	(305, 370, 'Feb', 2, '2025', '2025-03-01', 250000, '[{"nama": "Reguler", "nominal": 250000, "biaya_santri_id": 144}]', 'belum_lunas', NULL, '2025-07-05 03:39:49', '2025-07-05 03:39:49'),
	(306, 370, 'Mar', 3, '2025', '2025-04-01', 250000, '[{"nama": "Reguler", "nominal": 250000, "biaya_santri_id": 144}]', 'belum_lunas', NULL, '2025-07-05 03:39:49', '2025-07-05 03:39:49'),
	(307, 370, 'Apr', 4, '2025', '2025-05-01', 250000, '[{"nama": "Reguler", "nominal": 250000, "biaya_santri_id": 144}]', 'belum_lunas', NULL, '2025-07-05 03:39:49', '2025-07-05 03:39:49'),
	(308, 370, 'May', 5, '2025', '2025-06-01', 250000, '[{"nama": "Reguler", "nominal": 250000, "biaya_santri_id": 144}]', 'belum_lunas', NULL, '2025-07-05 03:39:50', '2025-07-05 03:39:50'),
	(309, 370, 'Jun', 6, '2025', '2025-07-01', 250000, '[{"nama": "Reguler", "nominal": 250000, "biaya_santri_id": 144}]', 'belum_lunas', NULL, '2025-07-05 03:39:50', '2025-07-05 03:39:50'),
	(310, 370, 'Jul', 7, '2025', '2025-08-01', 250000, '[{"nama": "Reguler", "nominal": 250000, "biaya_santri_id": 144}]', 'belum_lunas', NULL, '2025-07-05 03:39:50', '2025-07-05 03:39:50'),
	(311, 370, 'Aug', 8, '2025', '2025-09-01', 250000, '[{"nama": "Reguler", "nominal": 250000, "biaya_santri_id": 144}]', 'belum_lunas', NULL, '2025-07-05 03:39:50', '2025-07-05 03:39:50'),
	(312, 370, 'Sep', 9, '2025', '2025-10-01', 250000, '[{"nama": "Reguler", "nominal": 250000, "biaya_santri_id": 144}]', 'belum_lunas', NULL, '2025-07-05 03:39:50', '2025-07-05 03:39:50'),
	(313, 370, 'Oct', 10, '2025', '2025-11-01', 250000, '[{"nama": "Reguler", "nominal": 250000, "biaya_santri_id": 144}]', 'belum_lunas', NULL, '2025-07-05 03:39:50', '2025-07-05 03:39:50'),
	(314, 370, 'Nov', 11, '2025', '2025-12-01', 250000, '[{"nama": "Reguler", "nominal": 250000, "biaya_santri_id": 144}]', 'belum_lunas', NULL, '2025-07-05 03:39:50', '2025-07-05 03:39:50'),
	(315, 370, 'Dec', 12, '2025', '2026-01-01', 250000, '[{"nama": "Reguler", "nominal": 250000, "biaya_santri_id": 144}]', 'belum_lunas', NULL, '2025-07-05 03:39:50', '2025-07-05 03:39:50'),
	(316, 371, 'Jan', 1, '2025', '2025-02-01', 250000, '[{"nama": "Reguler", "nominal": 250000, "biaya_santri_id": 145}]', 'belum_lunas', NULL, '2025-07-05 03:39:50', '2025-07-05 03:39:50'),
	(317, 371, 'Feb', 2, '2025', '2025-03-01', 250000, '[{"nama": "Reguler", "nominal": 250000, "biaya_santri_id": 145}]', 'belum_lunas', NULL, '2025-07-05 03:39:50', '2025-07-05 03:39:50'),
	(318, 371, 'Mar', 3, '2025', '2025-04-01', 250000, '[{"nama": "Reguler", "nominal": 250000, "biaya_santri_id": 145}]', 'belum_lunas', NULL, '2025-07-05 03:39:50', '2025-07-05 03:39:50'),
	(319, 371, 'Apr', 4, '2025', '2025-05-01', 250000, '[{"nama": "Reguler", "nominal": 250000, "biaya_santri_id": 145}]', 'belum_lunas', NULL, '2025-07-05 03:39:50', '2025-07-05 03:39:50'),
	(320, 371, 'May', 5, '2025', '2025-06-01', 250000, '[{"nama": "Reguler", "nominal": 250000, "biaya_santri_id": 145}]', 'belum_lunas', NULL, '2025-07-05 03:39:50', '2025-07-05 03:39:50'),
	(321, 371, 'Jun', 6, '2025', '2025-07-01', 250000, '[{"nama": "Reguler", "nominal": 250000, "biaya_santri_id": 145}]', 'belum_lunas', NULL, '2025-07-05 03:39:50', '2025-07-05 03:39:50'),
	(322, 371, 'Jul', 7, '2025', '2025-08-01', 250000, '[{"nama": "Reguler", "nominal": 250000, "biaya_santri_id": 145}]', 'belum_lunas', NULL, '2025-07-05 03:39:50', '2025-07-05 03:39:50'),
	(323, 371, 'Aug', 8, '2025', '2025-09-01', 250000, '[{"nama": "Reguler", "nominal": 250000, "biaya_santri_id": 145}]', 'belum_lunas', NULL, '2025-07-05 03:39:50', '2025-07-05 03:39:50'),
	(324, 371, 'Sep', 9, '2025', '2025-10-01', 250000, '[{"nama": "Reguler", "nominal": 250000, "biaya_santri_id": 145}]', 'belum_lunas', NULL, '2025-07-05 03:39:50', '2025-07-05 03:39:50'),
	(325, 371, 'Oct', 10, '2025', '2025-11-01', 250000, '[{"nama": "Reguler", "nominal": 250000, "biaya_santri_id": 145}]', 'belum_lunas', NULL, '2025-07-05 03:39:50', '2025-07-05 03:39:50'),
	(326, 371, 'Nov', 11, '2025', '2025-12-01', 250000, '[{"nama": "Reguler", "nominal": 250000, "biaya_santri_id": 145}]', 'belum_lunas', NULL, '2025-07-05 03:39:50', '2025-07-05 03:39:50'),
	(327, 371, 'Dec', 12, '2025', '2026-01-01', 250000, '[{"nama": "Reguler", "nominal": 250000, "biaya_santri_id": 145}]', 'belum_lunas', NULL, '2025-07-05 03:39:50', '2025-07-05 03:39:50'),
	(328, 372, 'Jan', 1, '2025', '2025-02-01', 250000, '[{"nama": "Reguler", "nominal": 250000, "biaya_santri_id": 146}]', 'belum_lunas', NULL, '2025-07-05 03:39:50', '2025-07-05 03:39:50'),
	(329, 372, 'Feb', 2, '2025', '2025-03-01', 250000, '[{"nama": "Reguler", "nominal": 250000, "biaya_santri_id": 146}]', 'belum_lunas', NULL, '2025-07-05 03:39:50', '2025-07-05 03:39:50'),
	(330, 372, 'Mar', 3, '2025', '2025-04-01', 250000, '[{"nama": "Reguler", "nominal": 250000, "biaya_santri_id": 146}]', 'belum_lunas', NULL, '2025-07-05 03:39:50', '2025-07-05 03:39:50'),
	(331, 372, 'Apr', 4, '2025', '2025-05-01', 250000, '[{"nama": "Reguler", "nominal": 250000, "biaya_santri_id": 146}]', 'belum_lunas', NULL, '2025-07-05 03:39:50', '2025-07-05 03:39:50'),
	(332, 372, 'May', 5, '2025', '2025-06-01', 250000, '[{"nama": "Reguler", "nominal": 250000, "biaya_santri_id": 146}]', 'belum_lunas', NULL, '2025-07-05 03:39:50', '2025-07-05 03:39:50'),
	(333, 372, 'Jun', 6, '2025', '2025-07-01', 250000, '[{"nama": "Reguler", "nominal": 250000, "biaya_santri_id": 146}]', 'belum_lunas', NULL, '2025-07-05 03:39:50', '2025-07-05 03:39:50'),
	(334, 372, 'Jul', 7, '2025', '2025-08-01', 250000, '[{"nama": "Reguler", "nominal": 250000, "biaya_santri_id": 146}]', 'belum_lunas', NULL, '2025-07-05 03:39:50', '2025-07-05 03:39:50'),
	(335, 372, 'Aug', 8, '2025', '2025-09-01', 250000, '[{"nama": "Reguler", "nominal": 250000, "biaya_santri_id": 146}]', 'belum_lunas', NULL, '2025-07-05 03:39:50', '2025-07-05 03:39:50'),
	(336, 372, 'Sep', 9, '2025', '2025-10-01', 250000, '[{"nama": "Reguler", "nominal": 250000, "biaya_santri_id": 146}]', 'belum_lunas', NULL, '2025-07-05 03:39:50', '2025-07-05 03:39:50'),
	(337, 372, 'Oct', 10, '2025', '2025-11-01', 250000, '[{"nama": "Reguler", "nominal": 250000, "biaya_santri_id": 146}]', 'belum_lunas', NULL, '2025-07-05 03:39:50', '2025-07-05 03:39:50'),
	(338, 372, 'Nov', 11, '2025', '2025-12-01', 250000, '[{"nama": "Reguler", "nominal": 250000, "biaya_santri_id": 146}]', 'belum_lunas', NULL, '2025-07-05 03:39:50', '2025-07-05 03:39:50'),
	(339, 372, 'Dec', 12, '2025', '2026-01-01', 250000, '[{"nama": "Reguler", "nominal": 250000, "biaya_santri_id": 146}]', 'belum_lunas', NULL, '2025-07-05 03:39:50', '2025-07-05 03:39:50'),
	(340, 373, 'Jan', 1, '2025', '2025-02-01', 250000, '[{"nama": "Reguler", "nominal": 250000, "biaya_santri_id": 147}]', 'belum_lunas', NULL, '2025-07-05 03:39:50', '2025-07-05 03:39:50'),
	(341, 373, 'Feb', 2, '2025', '2025-03-01', 250000, '[{"nama": "Reguler", "nominal": 250000, "biaya_santri_id": 147}]', 'belum_lunas', NULL, '2025-07-05 03:39:50', '2025-07-05 03:39:50'),
	(342, 373, 'Mar', 3, '2025', '2025-04-01', 250000, '[{"nama": "Reguler", "nominal": 250000, "biaya_santri_id": 147}]', 'belum_lunas', NULL, '2025-07-05 03:39:50', '2025-07-05 03:39:50'),
	(343, 373, 'Apr', 4, '2025', '2025-05-01', 250000, '[{"nama": "Reguler", "nominal": 250000, "biaya_santri_id": 147}]', 'belum_lunas', NULL, '2025-07-05 03:39:50', '2025-07-05 03:39:50'),
	(344, 373, 'May', 5, '2025', '2025-06-01', 250000, '[{"nama": "Reguler", "nominal": 250000, "biaya_santri_id": 147}]', 'belum_lunas', NULL, '2025-07-05 03:39:50', '2025-07-05 03:39:50'),
	(345, 373, 'Jun', 6, '2025', '2025-07-01', 250000, '[{"nama": "Reguler", "nominal": 250000, "biaya_santri_id": 147}]', 'belum_lunas', NULL, '2025-07-05 03:39:50', '2025-07-05 03:39:50'),
	(346, 373, 'Jul', 7, '2025', '2025-08-01', 250000, '[{"nama": "Reguler", "nominal": 250000, "biaya_santri_id": 147}]', 'belum_lunas', NULL, '2025-07-05 03:39:50', '2025-07-05 03:39:50'),
	(347, 373, 'Aug', 8, '2025', '2025-09-01', 250000, '[{"nama": "Reguler", "nominal": 250000, "biaya_santri_id": 147}]', 'belum_lunas', NULL, '2025-07-05 03:39:50', '2025-07-05 03:39:50'),
	(348, 373, 'Sep', 9, '2025', '2025-10-01', 250000, '[{"nama": "Reguler", "nominal": 250000, "biaya_santri_id": 147}]', 'belum_lunas', NULL, '2025-07-05 03:39:50', '2025-07-05 03:39:50'),
	(349, 373, 'Oct', 10, '2025', '2025-11-01', 250000, '[{"nama": "Reguler", "nominal": 250000, "biaya_santri_id": 147}]', 'belum_lunas', NULL, '2025-07-05 03:39:50', '2025-07-05 03:39:50'),
	(350, 373, 'Nov', 11, '2025', '2025-12-01', 250000, '[{"nama": "Reguler", "nominal": 250000, "biaya_santri_id": 147}]', 'belum_lunas', NULL, '2025-07-05 03:39:50', '2025-07-05 03:39:50'),
	(351, 373, 'Dec', 12, '2025', '2026-01-01', 250000, '[{"nama": "Reguler", "nominal": 250000, "biaya_santri_id": 147}]', 'belum_lunas', NULL, '2025-07-05 03:39:50', '2025-07-05 03:39:50'),
	(352, 374, 'Jan', 1, '2025', '2025-02-01', 250000, '[{"nama": "Reguler", "nominal": 250000, "biaya_santri_id": 148}]', 'belum_lunas', NULL, '2025-07-05 03:39:50', '2025-07-05 03:39:50'),
	(353, 374, 'Feb', 2, '2025', '2025-03-01', 250000, '[{"nama": "Reguler", "nominal": 250000, "biaya_santri_id": 148}]', 'belum_lunas', NULL, '2025-07-05 03:39:50', '2025-07-05 03:39:50'),
	(354, 374, 'Mar', 3, '2025', '2025-04-01', 250000, '[{"nama": "Reguler", "nominal": 250000, "biaya_santri_id": 148}]', 'belum_lunas', NULL, '2025-07-05 03:39:50', '2025-07-05 03:39:50'),
	(355, 374, 'Apr', 4, '2025', '2025-05-01', 250000, '[{"nama": "Reguler", "nominal": 250000, "biaya_santri_id": 148}]', 'belum_lunas', NULL, '2025-07-05 03:39:50', '2025-07-05 03:39:50'),
	(356, 374, 'May', 5, '2025', '2025-06-01', 250000, '[{"nama": "Reguler", "nominal": 250000, "biaya_santri_id": 148}]', 'belum_lunas', NULL, '2025-07-05 03:39:50', '2025-07-05 03:39:50'),
	(357, 374, 'Jun', 6, '2025', '2025-07-01', 250000, '[{"nama": "Reguler", "nominal": 250000, "biaya_santri_id": 148}]', 'belum_lunas', NULL, '2025-07-05 03:39:50', '2025-07-05 03:39:50'),
	(358, 374, 'Jul', 7, '2025', '2025-08-01', 250000, '[{"nama": "Reguler", "nominal": 250000, "biaya_santri_id": 148}]', 'belum_lunas', NULL, '2025-07-05 03:39:50', '2025-07-05 03:39:50'),
	(359, 374, 'Aug', 8, '2025', '2025-09-01', 250000, '[{"nama": "Reguler", "nominal": 250000, "biaya_santri_id": 148}]', 'belum_lunas', NULL, '2025-07-05 03:39:50', '2025-07-05 03:39:50'),
	(360, 374, 'Sep', 9, '2025', '2025-10-01', 250000, '[{"nama": "Reguler", "nominal": 250000, "biaya_santri_id": 148}]', 'belum_lunas', NULL, '2025-07-05 03:39:50', '2025-07-05 03:39:50'),
	(361, 374, 'Oct', 10, '2025', '2025-11-01', 250000, '[{"nama": "Reguler", "nominal": 250000, "biaya_santri_id": 148}]', 'belum_lunas', NULL, '2025-07-05 03:39:50', '2025-07-05 03:39:50'),
	(362, 374, 'Nov', 11, '2025', '2025-12-01', 250000, '[{"nama": "Reguler", "nominal": 250000, "biaya_santri_id": 148}]', 'belum_lunas', NULL, '2025-07-05 03:39:50', '2025-07-05 03:39:50'),
	(363, 374, 'Dec', 12, '2025', '2026-01-01', 250000, '[{"nama": "Reguler", "nominal": 250000, "biaya_santri_id": 148}]', 'belum_lunas', NULL, '2025-07-05 03:39:50', '2025-07-05 03:39:50'),
	(364, 375, 'Jan', 1, '2025', '2025-02-01', 250000, '[{"nama": "Reguler", "nominal": 250000, "biaya_santri_id": 149}]', 'belum_lunas', NULL, '2025-07-05 03:39:50', '2025-07-05 03:39:50'),
	(365, 375, 'Feb', 2, '2025', '2025-03-01', 250000, '[{"nama": "Reguler", "nominal": 250000, "biaya_santri_id": 149}]', 'belum_lunas', NULL, '2025-07-05 03:39:50', '2025-07-05 03:39:50'),
	(366, 375, 'Mar', 3, '2025', '2025-04-01', 250000, '[{"nama": "Reguler", "nominal": 250000, "biaya_santri_id": 149}]', 'belum_lunas', NULL, '2025-07-05 03:39:50', '2025-07-05 03:39:50'),
	(367, 375, 'Apr', 4, '2025', '2025-05-01', 250000, '[{"nama": "Reguler", "nominal": 250000, "biaya_santri_id": 149}]', 'belum_lunas', NULL, '2025-07-05 03:39:50', '2025-07-05 03:39:50'),
	(368, 375, 'May', 5, '2025', '2025-06-01', 250000, '[{"nama": "Reguler", "nominal": 250000, "biaya_santri_id": 149}]', 'belum_lunas', NULL, '2025-07-05 03:39:50', '2025-07-05 03:39:50'),
	(369, 375, 'Jun', 6, '2025', '2025-07-01', 250000, '[{"nama": "Reguler", "nominal": 250000, "biaya_santri_id": 149}]', 'belum_lunas', NULL, '2025-07-05 03:39:50', '2025-07-05 03:39:50'),
	(370, 375, 'Jul', 7, '2025', '2025-08-01', 250000, '[{"nama": "Reguler", "nominal": 250000, "biaya_santri_id": 149}]', 'belum_lunas', NULL, '2025-07-05 03:39:50', '2025-07-05 03:39:50'),
	(371, 375, 'Aug', 8, '2025', '2025-09-01', 250000, '[{"nama": "Reguler", "nominal": 250000, "biaya_santri_id": 149}]', 'belum_lunas', NULL, '2025-07-05 03:39:50', '2025-07-05 03:39:50'),
	(372, 375, 'Sep', 9, '2025', '2025-10-01', 250000, '[{"nama": "Reguler", "nominal": 250000, "biaya_santri_id": 149}]', 'belum_lunas', NULL, '2025-07-05 03:39:50', '2025-07-05 03:39:50'),
	(373, 375, 'Oct', 10, '2025', '2025-11-01', 250000, '[{"nama": "Reguler", "nominal": 250000, "biaya_santri_id": 149}]', 'belum_lunas', NULL, '2025-07-05 03:39:50', '2025-07-05 03:39:50'),
	(374, 375, 'Nov', 11, '2025', '2025-12-01', 250000, '[{"nama": "Reguler", "nominal": 250000, "biaya_santri_id": 149}]', 'belum_lunas', NULL, '2025-07-05 03:39:50', '2025-07-05 03:39:50'),
	(375, 375, 'Dec', 12, '2025', '2026-01-01', 250000, '[{"nama": "Reguler", "nominal": 250000, "biaya_santri_id": 149}]', 'belum_lunas', NULL, '2025-07-05 03:39:50', '2025-07-05 03:39:50'),
	(376, 376, 'Jan', 1, '2025', '2025-02-01', 250000, '[{"nama": "Reguler", "nominal": 250000, "biaya_santri_id": 150}]', 'belum_lunas', NULL, '2025-07-05 03:39:50', '2025-07-05 03:39:50'),
	(377, 376, 'Feb', 2, '2025', '2025-03-01', 250000, '[{"nama": "Reguler", "nominal": 250000, "biaya_santri_id": 150}]', 'belum_lunas', NULL, '2025-07-05 03:39:50', '2025-07-05 03:39:50'),
	(378, 376, 'Mar', 3, '2025', '2025-04-01', 250000, '[{"nama": "Reguler", "nominal": 250000, "biaya_santri_id": 150}]', 'belum_lunas', NULL, '2025-07-05 03:39:50', '2025-07-05 03:39:50'),
	(379, 376, 'Apr', 4, '2025', '2025-05-01', 250000, '[{"nama": "Reguler", "nominal": 250000, "biaya_santri_id": 150}]', 'belum_lunas', NULL, '2025-07-05 03:39:50', '2025-07-05 03:39:50'),
	(380, 376, 'May', 5, '2025', '2025-06-01', 250000, '[{"nama": "Reguler", "nominal": 250000, "biaya_santri_id": 150}]', 'belum_lunas', NULL, '2025-07-05 03:39:50', '2025-07-05 03:39:50'),
	(381, 376, 'Jun', 6, '2025', '2025-07-01', 250000, '[{"nama": "Reguler", "nominal": 250000, "biaya_santri_id": 150}]', 'belum_lunas', NULL, '2025-07-05 03:39:50', '2025-07-05 03:39:50'),
	(382, 376, 'Jul', 7, '2025', '2025-08-01', 250000, '[{"nama": "Reguler", "nominal": 250000, "biaya_santri_id": 150}]', 'belum_lunas', NULL, '2025-07-05 03:39:50', '2025-07-05 03:39:50'),
	(383, 376, 'Aug', 8, '2025', '2025-09-01', 250000, '[{"nama": "Reguler", "nominal": 250000, "biaya_santri_id": 150}]', 'belum_lunas', NULL, '2025-07-05 03:39:50', '2025-07-05 03:39:50'),
	(384, 376, 'Sep', 9, '2025', '2025-10-01', 250000, '[{"nama": "Reguler", "nominal": 250000, "biaya_santri_id": 150}]', 'belum_lunas', NULL, '2025-07-05 03:39:50', '2025-07-05 03:39:50'),
	(385, 376, 'Oct', 10, '2025', '2025-11-01', 250000, '[{"nama": "Reguler", "nominal": 250000, "biaya_santri_id": 150}]', 'belum_lunas', NULL, '2025-07-05 03:39:50', '2025-07-05 03:39:50'),
	(386, 376, 'Nov', 11, '2025', '2025-12-01', 250000, '[{"nama": "Reguler", "nominal": 250000, "biaya_santri_id": 150}]', 'belum_lunas', NULL, '2025-07-05 03:39:50', '2025-07-05 03:39:50'),
	(387, 376, 'Dec', 12, '2025', '2026-01-01', 250000, '[{"nama": "Reguler", "nominal": 250000, "biaya_santri_id": 150}]', 'belum_lunas', NULL, '2025-07-05 03:39:50', '2025-07-05 03:39:50'),
	(388, 377, 'Jan', 1, '2025', '2025-02-01', 250000, '[{"nama": "Reguler", "nominal": 250000, "biaya_santri_id": 151}]', 'belum_lunas', NULL, '2025-07-05 03:39:50', '2025-07-05 03:39:50'),
	(389, 377, 'Feb', 2, '2025', '2025-03-01', 250000, '[{"nama": "Reguler", "nominal": 250000, "biaya_santri_id": 151}]', 'belum_lunas', NULL, '2025-07-05 03:39:50', '2025-07-05 03:39:50'),
	(390, 377, 'Mar', 3, '2025', '2025-04-01', 250000, '[{"nama": "Reguler", "nominal": 250000, "biaya_santri_id": 151}]', 'belum_lunas', NULL, '2025-07-05 03:39:50', '2025-07-05 03:39:50'),
	(391, 377, 'Apr', 4, '2025', '2025-05-01', 250000, '[{"nama": "Reguler", "nominal": 250000, "biaya_santri_id": 151}]', 'belum_lunas', NULL, '2025-07-05 03:39:50', '2025-07-05 03:39:50'),
	(392, 377, 'May', 5, '2025', '2025-06-01', 250000, '[{"nama": "Reguler", "nominal": 250000, "biaya_santri_id": 151}]', 'belum_lunas', NULL, '2025-07-05 03:39:50', '2025-07-05 03:39:50'),
	(393, 377, 'Jun', 6, '2025', '2025-07-01', 250000, '[{"nama": "Reguler", "nominal": 250000, "biaya_santri_id": 151}]', 'belum_lunas', NULL, '2025-07-05 03:39:50', '2025-07-05 03:39:50'),
	(394, 377, 'Jul', 7, '2025', '2025-08-01', 250000, '[{"nama": "Reguler", "nominal": 250000, "biaya_santri_id": 151}]', 'belum_lunas', NULL, '2025-07-05 03:39:50', '2025-07-05 03:39:50'),
	(395, 377, 'Aug', 8, '2025', '2025-09-01', 250000, '[{"nama": "Reguler", "nominal": 250000, "biaya_santri_id": 151}]', 'belum_lunas', NULL, '2025-07-05 03:39:50', '2025-07-05 03:39:50'),
	(396, 377, 'Sep', 9, '2025', '2025-10-01', 250000, '[{"nama": "Reguler", "nominal": 250000, "biaya_santri_id": 151}]', 'belum_lunas', NULL, '2025-07-05 03:39:50', '2025-07-05 03:39:50'),
	(397, 377, 'Oct', 10, '2025', '2025-11-01', 250000, '[{"nama": "Reguler", "nominal": 250000, "biaya_santri_id": 151}]', 'belum_lunas', NULL, '2025-07-05 03:39:50', '2025-07-05 03:39:50'),
	(398, 377, 'Nov', 11, '2025', '2025-12-01', 250000, '[{"nama": "Reguler", "nominal": 250000, "biaya_santri_id": 151}]', 'belum_lunas', NULL, '2025-07-05 03:39:50', '2025-07-05 03:39:50'),
	(399, 377, 'Dec', 12, '2025', '2026-01-01', 250000, '[{"nama": "Reguler", "nominal": 250000, "biaya_santri_id": 151}]', 'belum_lunas', NULL, '2025-07-05 03:39:50', '2025-07-05 03:39:50'),
	(400, 378, 'Jan', 1, '2025', '2025-02-01', 250000, '[{"nama": "Reguler", "nominal": 250000, "biaya_santri_id": 152}]', 'belum_lunas', NULL, '2025-07-05 03:39:50', '2025-07-05 03:39:50'),
	(401, 378, 'Feb', 2, '2025', '2025-03-01', 250000, '[{"nama": "Reguler", "nominal": 250000, "biaya_santri_id": 152}]', 'belum_lunas', NULL, '2025-07-05 03:39:50', '2025-07-05 03:39:50'),
	(402, 378, 'Mar', 3, '2025', '2025-04-01', 250000, '[{"nama": "Reguler", "nominal": 250000, "biaya_santri_id": 152}]', 'belum_lunas', NULL, '2025-07-05 03:39:50', '2025-07-05 03:39:50'),
	(403, 378, 'Apr', 4, '2025', '2025-05-01', 250000, '[{"nama": "Reguler", "nominal": 250000, "biaya_santri_id": 152}]', 'belum_lunas', NULL, '2025-07-05 03:39:50', '2025-07-05 03:39:50'),
	(404, 378, 'May', 5, '2025', '2025-06-01', 250000, '[{"nama": "Reguler", "nominal": 250000, "biaya_santri_id": 152}]', 'belum_lunas', NULL, '2025-07-05 03:39:50', '2025-07-05 03:39:50'),
	(405, 378, 'Jun', 6, '2025', '2025-07-01', 250000, '[{"nama": "Reguler", "nominal": 250000, "biaya_santri_id": 152}]', 'belum_lunas', NULL, '2025-07-05 03:39:50', '2025-07-05 03:39:50'),
	(406, 378, 'Jul', 7, '2025', '2025-08-01', 250000, '[{"nama": "Reguler", "nominal": 250000, "biaya_santri_id": 152}]', 'belum_lunas', NULL, '2025-07-05 03:39:50', '2025-07-05 03:39:50'),
	(407, 378, 'Aug', 8, '2025', '2025-09-01', 250000, '[{"nama": "Reguler", "nominal": 250000, "biaya_santri_id": 152}]', 'belum_lunas', NULL, '2025-07-05 03:39:50', '2025-07-05 03:39:50'),
	(408, 378, 'Sep', 9, '2025', '2025-10-01', 250000, '[{"nama": "Reguler", "nominal": 250000, "biaya_santri_id": 152}]', 'belum_lunas', NULL, '2025-07-05 03:39:50', '2025-07-05 03:39:50'),
	(409, 378, 'Oct', 10, '2025', '2025-11-01', 250000, '[{"nama": "Reguler", "nominal": 250000, "biaya_santri_id": 152}]', 'belum_lunas', NULL, '2025-07-05 03:39:50', '2025-07-05 03:39:50'),
	(410, 378, 'Nov', 11, '2025', '2025-12-01', 250000, '[{"nama": "Reguler", "nominal": 250000, "biaya_santri_id": 152}]', 'belum_lunas', NULL, '2025-07-05 03:39:50', '2025-07-05 03:39:50'),
	(411, 378, 'Dec', 12, '2025', '2026-01-01', 250000, '[{"nama": "Reguler", "nominal": 250000, "biaya_santri_id": 152}]', 'belum_lunas', NULL, '2025-07-05 03:39:50', '2025-07-05 03:39:50'),
	(412, 379, 'Jan', 1, '2025', '2025-02-01', 250000, '[{"nama": "Reguler", "nominal": 250000, "biaya_santri_id": 153}]', 'belum_lunas', NULL, '2025-07-05 03:39:50', '2025-07-05 03:39:50'),
	(413, 379, 'Feb', 2, '2025', '2025-03-01', 250000, '[{"nama": "Reguler", "nominal": 250000, "biaya_santri_id": 153}]', 'belum_lunas', NULL, '2025-07-05 03:39:50', '2025-07-05 03:39:50'),
	(414, 379, 'Mar', 3, '2025', '2025-04-01', 250000, '[{"nama": "Reguler", "nominal": 250000, "biaya_santri_id": 153}]', 'belum_lunas', NULL, '2025-07-05 03:39:50', '2025-07-05 03:39:50'),
	(415, 379, 'Apr', 4, '2025', '2025-05-01', 250000, '[{"nama": "Reguler", "nominal": 250000, "biaya_santri_id": 153}]', 'belum_lunas', NULL, '2025-07-05 03:39:50', '2025-07-05 03:39:50'),
	(416, 379, 'May', 5, '2025', '2025-06-01', 250000, '[{"nama": "Reguler", "nominal": 250000, "biaya_santri_id": 153}]', 'belum_lunas', NULL, '2025-07-05 03:39:50', '2025-07-05 03:39:50'),
	(417, 379, 'Jun', 6, '2025', '2025-07-01', 250000, '[{"nama": "Reguler", "nominal": 250000, "biaya_santri_id": 153}]', 'belum_lunas', NULL, '2025-07-05 03:39:50', '2025-07-05 03:39:50'),
	(418, 379, 'Jul', 7, '2025', '2025-08-01', 250000, '[{"nama": "Reguler", "nominal": 250000, "biaya_santri_id": 153}]', 'belum_lunas', NULL, '2025-07-05 03:39:50', '2025-07-05 03:39:50'),
	(419, 379, 'Aug', 8, '2025', '2025-09-01', 250000, '[{"nama": "Reguler", "nominal": 250000, "biaya_santri_id": 153}]', 'belum_lunas', NULL, '2025-07-05 03:39:50', '2025-07-05 03:39:50'),
	(420, 379, 'Sep', 9, '2025', '2025-10-01', 250000, '[{"nama": "Reguler", "nominal": 250000, "biaya_santri_id": 153}]', 'belum_lunas', NULL, '2025-07-05 03:39:50', '2025-07-05 03:39:50'),
	(421, 379, 'Oct', 10, '2025', '2025-11-01', 250000, '[{"nama": "Reguler", "nominal": 250000, "biaya_santri_id": 153}]', 'belum_lunas', NULL, '2025-07-05 03:39:50', '2025-07-05 03:39:50'),
	(422, 379, 'Nov', 11, '2025', '2025-12-01', 250000, '[{"nama": "Reguler", "nominal": 250000, "biaya_santri_id": 153}]', 'belum_lunas', NULL, '2025-07-05 03:39:50', '2025-07-05 03:39:50'),
	(423, 379, 'Dec', 12, '2025', '2026-01-01', 250000, '[{"nama": "Reguler", "nominal": 250000, "biaya_santri_id": 153}]', 'belum_lunas', NULL, '2025-07-05 03:39:50', '2025-07-05 03:39:50'),
	(424, 380, 'Jan', 1, '2025', '2025-02-01', 250000, '[{"nama": "Reguler", "nominal": 250000, "biaya_santri_id": 154}]', 'belum_lunas', NULL, '2025-07-05 03:39:50', '2025-07-05 03:39:50'),
	(425, 380, 'Feb', 2, '2025', '2025-03-01', 250000, '[{"nama": "Reguler", "nominal": 250000, "biaya_santri_id": 154}]', 'belum_lunas', NULL, '2025-07-05 03:39:50', '2025-07-05 03:39:50'),
	(426, 380, 'Mar', 3, '2025', '2025-04-01', 250000, '[{"nama": "Reguler", "nominal": 250000, "biaya_santri_id": 154}]', 'belum_lunas', NULL, '2025-07-05 03:39:50', '2025-07-05 03:39:50'),
	(427, 380, 'Apr', 4, '2025', '2025-05-01', 250000, '[{"nama": "Reguler", "nominal": 250000, "biaya_santri_id": 154}]', 'belum_lunas', NULL, '2025-07-05 03:39:50', '2025-07-05 03:39:50'),
	(428, 380, 'May', 5, '2025', '2025-06-01', 250000, '[{"nama": "Reguler", "nominal": 250000, "biaya_santri_id": 154}]', 'belum_lunas', NULL, '2025-07-05 03:39:50', '2025-07-05 03:39:50'),
	(429, 380, 'Jun', 6, '2025', '2025-07-01', 250000, '[{"nama": "Reguler", "nominal": 250000, "biaya_santri_id": 154}]', 'belum_lunas', NULL, '2025-07-05 03:39:50', '2025-07-05 03:39:50'),
	(430, 380, 'Jul', 7, '2025', '2025-08-01', 250000, '[{"nama": "Reguler", "nominal": 250000, "biaya_santri_id": 154}]', 'belum_lunas', NULL, '2025-07-05 03:39:50', '2025-07-05 03:39:50'),
	(431, 380, 'Aug', 8, '2025', '2025-09-01', 250000, '[{"nama": "Reguler", "nominal": 250000, "biaya_santri_id": 154}]', 'belum_lunas', NULL, '2025-07-05 03:39:50', '2025-07-05 03:39:50'),
	(432, 380, 'Sep', 9, '2025', '2025-10-01', 250000, '[{"nama": "Reguler", "nominal": 250000, "biaya_santri_id": 154}]', 'belum_lunas', NULL, '2025-07-05 03:39:50', '2025-07-05 03:39:50'),
	(433, 380, 'Oct', 10, '2025', '2025-11-01', 250000, '[{"nama": "Reguler", "nominal": 250000, "biaya_santri_id": 154}]', 'belum_lunas', NULL, '2025-07-05 03:39:50', '2025-07-05 03:39:50'),
	(434, 380, 'Nov', 11, '2025', '2025-12-01', 250000, '[{"nama": "Reguler", "nominal": 250000, "biaya_santri_id": 154}]', 'belum_lunas', NULL, '2025-07-05 03:39:50', '2025-07-05 03:39:50'),
	(435, 380, 'Dec', 12, '2025', '2026-01-01', 250000, '[{"nama": "Reguler", "nominal": 250000, "biaya_santri_id": 154}]', 'belum_lunas', NULL, '2025-07-05 03:39:50', '2025-07-05 03:39:50'),
	(436, 381, 'Jan', 1, '2025', '2025-02-01', 250000, '[{"nama": "Reguler", "nominal": 250000, "biaya_santri_id": 155}]', 'belum_lunas', NULL, '2025-07-05 03:39:50', '2025-07-05 03:39:50'),
	(437, 381, 'Feb', 2, '2025', '2025-03-01', 250000, '[{"nama": "Reguler", "nominal": 250000, "biaya_santri_id": 155}]', 'belum_lunas', NULL, '2025-07-05 03:39:50', '2025-07-05 03:39:50'),
	(438, 381, 'Mar', 3, '2025', '2025-04-01', 250000, '[{"nama": "Reguler", "nominal": 250000, "biaya_santri_id": 155}]', 'belum_lunas', NULL, '2025-07-05 03:39:50', '2025-07-05 03:39:50'),
	(439, 381, 'Apr', 4, '2025', '2025-05-01', 250000, '[{"nama": "Reguler", "nominal": 250000, "biaya_santri_id": 155}]', 'belum_lunas', NULL, '2025-07-05 03:39:50', '2025-07-05 03:39:50'),
	(440, 381, 'May', 5, '2025', '2025-06-01', 250000, '[{"nama": "Reguler", "nominal": 250000, "biaya_santri_id": 155}]', 'belum_lunas', NULL, '2025-07-05 03:39:50', '2025-07-05 03:39:50'),
	(441, 381, 'Jun', 6, '2025', '2025-07-01', 250000, '[{"nama": "Reguler", "nominal": 250000, "biaya_santri_id": 155}]', 'belum_lunas', NULL, '2025-07-05 03:39:50', '2025-07-05 03:39:50'),
	(442, 381, 'Jul', 7, '2025', '2025-08-01', 250000, '[{"nama": "Reguler", "nominal": 250000, "biaya_santri_id": 155}]', 'belum_lunas', NULL, '2025-07-05 03:39:50', '2025-07-05 03:39:50'),
	(443, 381, 'Aug', 8, '2025', '2025-09-01', 250000, '[{"nama": "Reguler", "nominal": 250000, "biaya_santri_id": 155}]', 'belum_lunas', NULL, '2025-07-05 03:39:50', '2025-07-05 03:39:50'),
	(444, 381, 'Sep', 9, '2025', '2025-10-01', 250000, '[{"nama": "Reguler", "nominal": 250000, "biaya_santri_id": 155}]', 'belum_lunas', NULL, '2025-07-05 03:39:50', '2025-07-05 03:39:50'),
	(445, 381, 'Oct', 10, '2025', '2025-11-01', 250000, '[{"nama": "Reguler", "nominal": 250000, "biaya_santri_id": 155}]', 'belum_lunas', NULL, '2025-07-05 03:39:50', '2025-07-05 03:39:50'),
	(446, 381, 'Nov', 11, '2025', '2025-12-01', 250000, '[{"nama": "Reguler", "nominal": 250000, "biaya_santri_id": 155}]', 'belum_lunas', NULL, '2025-07-05 03:39:50', '2025-07-05 03:39:50'),
	(447, 381, 'Dec', 12, '2025', '2026-01-01', 250000, '[{"nama": "Reguler", "nominal": 250000, "biaya_santri_id": 155}]', 'belum_lunas', NULL, '2025-07-05 03:39:50', '2025-07-05 03:39:50'),
	(448, 382, 'Jan', 1, '2025', '2025-02-01', 250000, '[{"nama": "Reguler", "nominal": 250000, "biaya_santri_id": 156}]', 'belum_lunas', NULL, '2025-07-05 03:39:50', '2025-07-05 03:39:50'),
	(449, 382, 'Feb', 2, '2025', '2025-03-01', 250000, '[{"nama": "Reguler", "nominal": 250000, "biaya_santri_id": 156}]', 'belum_lunas', NULL, '2025-07-05 03:39:50', '2025-07-05 03:39:50'),
	(450, 382, 'Mar', 3, '2025', '2025-04-01', 250000, '[{"nama": "Reguler", "nominal": 250000, "biaya_santri_id": 156}]', 'belum_lunas', NULL, '2025-07-05 03:39:50', '2025-07-05 03:39:50'),
	(451, 382, 'Apr', 4, '2025', '2025-05-01', 250000, '[{"nama": "Reguler", "nominal": 250000, "biaya_santri_id": 156}]', 'belum_lunas', NULL, '2025-07-05 03:39:50', '2025-07-05 03:39:50'),
	(452, 382, 'May', 5, '2025', '2025-06-01', 250000, '[{"nama": "Reguler", "nominal": 250000, "biaya_santri_id": 156}]', 'belum_lunas', NULL, '2025-07-05 03:39:50', '2025-07-05 03:39:50'),
	(453, 382, 'Jun', 6, '2025', '2025-07-01', 250000, '[{"nama": "Reguler", "nominal": 250000, "biaya_santri_id": 156}]', 'belum_lunas', NULL, '2025-07-05 03:39:50', '2025-07-05 03:39:50'),
	(454, 382, 'Jul', 7, '2025', '2025-08-01', 250000, '[{"nama": "Reguler", "nominal": 250000, "biaya_santri_id": 156}]', 'belum_lunas', NULL, '2025-07-05 03:39:50', '2025-07-05 03:39:50'),
	(455, 382, 'Aug', 8, '2025', '2025-09-01', 250000, '[{"nama": "Reguler", "nominal": 250000, "biaya_santri_id": 156}]', 'belum_lunas', NULL, '2025-07-05 03:39:50', '2025-07-05 03:39:50'),
	(456, 382, 'Sep', 9, '2025', '2025-10-01', 250000, '[{"nama": "Reguler", "nominal": 250000, "biaya_santri_id": 156}]', 'belum_lunas', NULL, '2025-07-05 03:39:50', '2025-07-05 03:39:50'),
	(457, 382, 'Oct', 10, '2025', '2025-11-01', 250000, '[{"nama": "Reguler", "nominal": 250000, "biaya_santri_id": 156}]', 'belum_lunas', NULL, '2025-07-05 03:39:50', '2025-07-05 03:39:50'),
	(458, 382, 'Nov', 11, '2025', '2025-12-01', 250000, '[{"nama": "Reguler", "nominal": 250000, "biaya_santri_id": 156}]', 'belum_lunas', NULL, '2025-07-05 03:39:50', '2025-07-05 03:39:50'),
	(459, 382, 'Dec', 12, '2025', '2026-01-01', 250000, '[{"nama": "Reguler", "nominal": 250000, "biaya_santri_id": 156}]', 'belum_lunas', NULL, '2025-07-05 03:39:50', '2025-07-05 03:39:50'),
	(460, 384, 'Jan', 1, '2025', '2025-02-01', 250000, '[{"nama": "Reguler", "nominal": 250000, "biaya_santri_id": 158}]', 'belum_lunas', NULL, '2025-07-05 03:39:50', '2025-07-05 03:39:50'),
	(461, 384, 'Feb', 2, '2025', '2025-03-01', 250000, '[{"nama": "Reguler", "nominal": 250000, "biaya_santri_id": 158}]', 'belum_lunas', NULL, '2025-07-05 03:39:50', '2025-07-05 03:39:50'),
	(462, 384, 'Mar', 3, '2025', '2025-04-01', 250000, '[{"nama": "Reguler", "nominal": 250000, "biaya_santri_id": 158}]', 'belum_lunas', NULL, '2025-07-05 03:39:50', '2025-07-05 03:39:50'),
	(463, 384, 'Apr', 4, '2025', '2025-05-01', 250000, '[{"nama": "Reguler", "nominal": 250000, "biaya_santri_id": 158}]', 'belum_lunas', NULL, '2025-07-05 03:39:50', '2025-07-05 03:39:50'),
	(464, 384, 'May', 5, '2025', '2025-06-01', 250000, '[{"nama": "Reguler", "nominal": 250000, "biaya_santri_id": 158}]', 'belum_lunas', NULL, '2025-07-05 03:39:50', '2025-07-05 03:39:50'),
	(465, 384, 'Jun', 6, '2025', '2025-07-01', 250000, '[{"nama": "Reguler", "nominal": 250000, "biaya_santri_id": 158}]', 'belum_lunas', NULL, '2025-07-05 03:39:50', '2025-07-05 03:39:50'),
	(466, 384, 'Jul', 7, '2025', '2025-08-01', 250000, '[{"nama": "Reguler", "nominal": 250000, "biaya_santri_id": 158}]', 'belum_lunas', NULL, '2025-07-05 03:39:50', '2025-07-05 03:39:50'),
	(467, 384, 'Aug', 8, '2025', '2025-09-01', 250000, '[{"nama": "Reguler", "nominal": 250000, "biaya_santri_id": 158}]', 'belum_lunas', NULL, '2025-07-05 03:39:50', '2025-07-05 03:39:50'),
	(468, 384, 'Sep', 9, '2025', '2025-10-01', 250000, '[{"nama": "Reguler", "nominal": 250000, "biaya_santri_id": 158}]', 'belum_lunas', NULL, '2025-07-05 03:39:50', '2025-07-05 03:39:50'),
	(469, 384, 'Oct', 10, '2025', '2025-11-01', 250000, '[{"nama": "Reguler", "nominal": 250000, "biaya_santri_id": 158}]', 'belum_lunas', NULL, '2025-07-05 03:39:50', '2025-07-05 03:39:50'),
	(470, 384, 'Nov', 11, '2025', '2025-12-01', 250000, '[{"nama": "Reguler", "nominal": 250000, "biaya_santri_id": 158}]', 'belum_lunas', NULL, '2025-07-05 03:39:50', '2025-07-05 03:39:50'),
	(471, 384, 'Dec', 12, '2025', '2026-01-01', 250000, '[{"nama": "Reguler", "nominal": 250000, "biaya_santri_id": 158}]', 'belum_lunas', NULL, '2025-07-05 03:39:50', '2025-07-05 03:39:50'),
	(472, 386, 'Jan', 1, '2025', '2025-02-01', 250000, '[{"nama": "Reguler", "nominal": 250000, "biaya_santri_id": 160}]', 'belum_lunas', NULL, '2025-07-05 03:39:50', '2025-07-05 03:39:50'),
	(473, 386, 'Feb', 2, '2025', '2025-03-01', 250000, '[{"nama": "Reguler", "nominal": 250000, "biaya_santri_id": 160}]', 'belum_lunas', NULL, '2025-07-05 03:39:50', '2025-07-05 03:39:50'),
	(474, 386, 'Mar', 3, '2025', '2025-04-01', 250000, '[{"nama": "Reguler", "nominal": 250000, "biaya_santri_id": 160}]', 'belum_lunas', NULL, '2025-07-05 03:39:50', '2025-07-05 03:39:50'),
	(475, 386, 'Apr', 4, '2025', '2025-05-01', 250000, '[{"nama": "Reguler", "nominal": 250000, "biaya_santri_id": 160}]', 'belum_lunas', NULL, '2025-07-05 03:39:50', '2025-07-05 03:39:50'),
	(476, 386, 'May', 5, '2025', '2025-06-01', 250000, '[{"nama": "Reguler", "nominal": 250000, "biaya_santri_id": 160}]', 'belum_lunas', NULL, '2025-07-05 03:39:50', '2025-07-05 03:39:50'),
	(477, 386, 'Jun', 6, '2025', '2025-07-01', 250000, '[{"nama": "Reguler", "nominal": 250000, "biaya_santri_id": 160}]', 'belum_lunas', NULL, '2025-07-05 03:39:50', '2025-07-05 03:39:50'),
	(478, 386, 'Jul', 7, '2025', '2025-08-01', 250000, '[{"nama": "Reguler", "nominal": 250000, "biaya_santri_id": 160}]', 'belum_lunas', NULL, '2025-07-05 03:39:50', '2025-07-05 03:39:50'),
	(479, 386, 'Aug', 8, '2025', '2025-09-01', 250000, '[{"nama": "Reguler", "nominal": 250000, "biaya_santri_id": 160}]', 'belum_lunas', NULL, '2025-07-05 03:39:50', '2025-07-05 03:39:50'),
	(480, 386, 'Sep', 9, '2025', '2025-10-01', 250000, '[{"nama": "Reguler", "nominal": 250000, "biaya_santri_id": 160}]', 'belum_lunas', NULL, '2025-07-05 03:39:50', '2025-07-05 03:39:50'),
	(481, 386, 'Oct', 10, '2025', '2025-11-01', 250000, '[{"nama": "Reguler", "nominal": 250000, "biaya_santri_id": 160}]', 'belum_lunas', NULL, '2025-07-05 03:39:50', '2025-07-05 03:39:50'),
	(482, 386, 'Nov', 11, '2025', '2025-12-01', 250000, '[{"nama": "Reguler", "nominal": 250000, "biaya_santri_id": 160}]', 'belum_lunas', NULL, '2025-07-05 03:39:50', '2025-07-05 03:39:50'),
	(483, 386, 'Dec', 12, '2025', '2026-01-01', 250000, '[{"nama": "Reguler", "nominal": 250000, "biaya_santri_id": 160}]', 'belum_lunas', NULL, '2025-07-05 03:39:50', '2025-07-05 03:39:50'),
	(484, 389, 'Jan', 1, '2025', '2025-02-01', 250000, '[{"nama": "Reguler", "nominal": 250000, "biaya_santri_id": 163}]', 'belum_lunas', NULL, '2025-07-05 03:39:50', '2025-07-05 03:39:50'),
	(485, 389, 'Feb', 2, '2025', '2025-03-01', 250000, '[{"nama": "Reguler", "nominal": 250000, "biaya_santri_id": 163}]', 'belum_lunas', NULL, '2025-07-05 03:39:50', '2025-07-05 03:39:50'),
	(486, 389, 'Mar', 3, '2025', '2025-04-01', 250000, '[{"nama": "Reguler", "nominal": 250000, "biaya_santri_id": 163}]', 'belum_lunas', NULL, '2025-07-05 03:39:50', '2025-07-05 03:39:50'),
	(487, 389, 'Apr', 4, '2025', '2025-05-01', 250000, '[{"nama": "Reguler", "nominal": 250000, "biaya_santri_id": 163}]', 'belum_lunas', NULL, '2025-07-05 03:39:50', '2025-07-05 03:39:50'),
	(488, 389, 'May', 5, '2025', '2025-06-01', 250000, '[{"nama": "Reguler", "nominal": 250000, "biaya_santri_id": 163}]', 'belum_lunas', NULL, '2025-07-05 03:39:50', '2025-07-05 03:39:50'),
	(489, 389, 'Jun', 6, '2025', '2025-07-01', 250000, '[{"nama": "Reguler", "nominal": 250000, "biaya_santri_id": 163}]', 'belum_lunas', NULL, '2025-07-05 03:39:50', '2025-07-05 03:39:50'),
	(490, 389, 'Jul', 7, '2025', '2025-08-01', 250000, '[{"nama": "Reguler", "nominal": 250000, "biaya_santri_id": 163}]', 'belum_lunas', NULL, '2025-07-05 03:39:50', '2025-07-05 03:39:50'),
	(491, 389, 'Aug', 8, '2025', '2025-09-01', 250000, '[{"nama": "Reguler", "nominal": 250000, "biaya_santri_id": 163}]', 'belum_lunas', NULL, '2025-07-05 03:39:50', '2025-07-05 03:39:50'),
	(492, 389, 'Sep', 9, '2025', '2025-10-01', 250000, '[{"nama": "Reguler", "nominal": 250000, "biaya_santri_id": 163}]', 'belum_lunas', NULL, '2025-07-05 03:39:50', '2025-07-05 03:39:50'),
	(493, 389, 'Oct', 10, '2025', '2025-11-01', 250000, '[{"nama": "Reguler", "nominal": 250000, "biaya_santri_id": 163}]', 'belum_lunas', NULL, '2025-07-05 03:39:50', '2025-07-05 03:39:50'),
	(494, 389, 'Nov', 11, '2025', '2025-12-01', 250000, '[{"nama": "Reguler", "nominal": 250000, "biaya_santri_id": 163}]', 'belum_lunas', NULL, '2025-07-05 03:39:50', '2025-07-05 03:39:50'),
	(495, 389, 'Dec', 12, '2025', '2026-01-01', 250000, '[{"nama": "Reguler", "nominal": 250000, "biaya_santri_id": 163}]', 'belum_lunas', NULL, '2025-07-05 03:39:50', '2025-07-05 03:39:50'),
	(496, 391, 'Jan', 1, '2025', '2025-02-01', 250000, '[{"nama": "Reguler", "nominal": 250000, "biaya_santri_id": 165}]', 'belum_lunas', NULL, '2025-07-05 03:39:50', '2025-07-05 03:39:50'),
	(497, 391, 'Feb', 2, '2025', '2025-03-01', 250000, '[{"nama": "Reguler", "nominal": 250000, "biaya_santri_id": 165}]', 'belum_lunas', NULL, '2025-07-05 03:39:50', '2025-07-05 03:39:50'),
	(498, 391, 'Mar', 3, '2025', '2025-04-01', 250000, '[{"nama": "Reguler", "nominal": 250000, "biaya_santri_id": 165}]', 'belum_lunas', NULL, '2025-07-05 03:39:50', '2025-07-05 03:39:50'),
	(499, 391, 'Apr', 4, '2025', '2025-05-01', 250000, '[{"nama": "Reguler", "nominal": 250000, "biaya_santri_id": 165}]', 'belum_lunas', NULL, '2025-07-05 03:39:50', '2025-07-05 03:39:50'),
	(500, 391, 'May', 5, '2025', '2025-06-01', 250000, '[{"nama": "Reguler", "nominal": 250000, "biaya_santri_id": 165}]', 'belum_lunas', NULL, '2025-07-05 03:39:50', '2025-07-05 03:39:50'),
	(501, 391, 'Jun', 6, '2025', '2025-07-01', 250000, '[{"nama": "Reguler", "nominal": 250000, "biaya_santri_id": 165}]', 'belum_lunas', NULL, '2025-07-05 03:39:50', '2025-07-05 03:39:50'),
	(502, 391, 'Jul', 7, '2025', '2025-08-01', 250000, '[{"nama": "Reguler", "nominal": 250000, "biaya_santri_id": 165}]', 'belum_lunas', NULL, '2025-07-05 03:39:50', '2025-07-05 03:39:50'),
	(503, 391, 'Aug', 8, '2025', '2025-09-01', 250000, '[{"nama": "Reguler", "nominal": 250000, "biaya_santri_id": 165}]', 'belum_lunas', NULL, '2025-07-05 03:39:50', '2025-07-05 03:39:50'),
	(504, 391, 'Sep', 9, '2025', '2025-10-01', 250000, '[{"nama": "Reguler", "nominal": 250000, "biaya_santri_id": 165}]', 'belum_lunas', NULL, '2025-07-05 03:39:50', '2025-07-05 03:39:50'),
	(505, 391, 'Oct', 10, '2025', '2025-11-01', 250000, '[{"nama": "Reguler", "nominal": 250000, "biaya_santri_id": 165}]', 'belum_lunas', NULL, '2025-07-05 03:39:50', '2025-07-05 03:39:50'),
	(506, 391, 'Nov', 11, '2025', '2025-12-01', 250000, '[{"nama": "Reguler", "nominal": 250000, "biaya_santri_id": 165}]', 'belum_lunas', NULL, '2025-07-05 03:39:50', '2025-07-05 03:39:50'),
	(507, 391, 'Dec', 12, '2025', '2026-01-01', 250000, '[{"nama": "Reguler", "nominal": 250000, "biaya_santri_id": 165}]', 'belum_lunas', NULL, '2025-07-05 03:39:50', '2025-07-05 03:39:50'),
	(508, 392, 'Jan', 1, '2025', '2025-02-01', 250000, '[{"nama": "Reguler", "nominal": 250000, "biaya_santri_id": 166}]', 'belum_lunas', NULL, '2025-07-05 03:39:50', '2025-07-05 03:39:50'),
	(509, 392, 'Feb', 2, '2025', '2025-03-01', 250000, '[{"nama": "Reguler", "nominal": 250000, "biaya_santri_id": 166}]', 'belum_lunas', NULL, '2025-07-05 03:39:50', '2025-07-05 03:39:50'),
	(510, 392, 'Mar', 3, '2025', '2025-04-01', 250000, '[{"nama": "Reguler", "nominal": 250000, "biaya_santri_id": 166}]', 'belum_lunas', NULL, '2025-07-05 03:39:50', '2025-07-05 03:39:50'),
	(511, 392, 'Apr', 4, '2025', '2025-05-01', 250000, '[{"nama": "Reguler", "nominal": 250000, "biaya_santri_id": 166}]', 'belum_lunas', NULL, '2025-07-05 03:39:50', '2025-07-05 03:39:50'),
	(512, 392, 'May', 5, '2025', '2025-06-01', 250000, '[{"nama": "Reguler", "nominal": 250000, "biaya_santri_id": 166}]', 'belum_lunas', NULL, '2025-07-05 03:39:50', '2025-07-05 03:39:50'),
	(513, 392, 'Jun', 6, '2025', '2025-07-01', 250000, '[{"nama": "Reguler", "nominal": 250000, "biaya_santri_id": 166}]', 'belum_lunas', NULL, '2025-07-05 03:39:51', '2025-07-05 03:39:51'),
	(514, 392, 'Jul', 7, '2025', '2025-08-01', 250000, '[{"nama": "Reguler", "nominal": 250000, "biaya_santri_id": 166}]', 'belum_lunas', NULL, '2025-07-05 03:39:51', '2025-07-05 03:39:51'),
	(515, 392, 'Aug', 8, '2025', '2025-09-01', 250000, '[{"nama": "Reguler", "nominal": 250000, "biaya_santri_id": 166}]', 'belum_lunas', NULL, '2025-07-05 03:39:51', '2025-07-05 03:39:51'),
	(516, 392, 'Sep', 9, '2025', '2025-10-01', 250000, '[{"nama": "Reguler", "nominal": 250000, "biaya_santri_id": 166}]', 'belum_lunas', NULL, '2025-07-05 03:39:51', '2025-07-05 03:39:51'),
	(517, 392, 'Oct', 10, '2025', '2025-11-01', 250000, '[{"nama": "Reguler", "nominal": 250000, "biaya_santri_id": 166}]', 'belum_lunas', NULL, '2025-07-05 03:39:51', '2025-07-05 03:39:51'),
	(518, 392, 'Nov', 11, '2025', '2025-12-01', 250000, '[{"nama": "Reguler", "nominal": 250000, "biaya_santri_id": 166}]', 'belum_lunas', NULL, '2025-07-05 03:39:51', '2025-07-05 03:39:51'),
	(519, 392, 'Dec', 12, '2025', '2026-01-01', 250000, '[{"nama": "Reguler", "nominal": 250000, "biaya_santri_id": 166}]', 'belum_lunas', NULL, '2025-07-05 03:39:51', '2025-07-05 03:39:51'),
	(520, 394, 'Jan', 1, '2025', '2025-02-01', 250000, '[{"nama": "Reguler", "nominal": 250000, "biaya_santri_id": 168}]', 'belum_lunas', NULL, '2025-07-05 03:39:51', '2025-07-05 03:39:51'),
	(521, 394, 'Feb', 2, '2025', '2025-03-01', 250000, '[{"nama": "Reguler", "nominal": 250000, "biaya_santri_id": 168}]', 'belum_lunas', NULL, '2025-07-05 03:39:51', '2025-07-05 03:39:51'),
	(522, 394, 'Mar', 3, '2025', '2025-04-01', 250000, '[{"nama": "Reguler", "nominal": 250000, "biaya_santri_id": 168}]', 'belum_lunas', NULL, '2025-07-05 03:39:51', '2025-07-05 03:39:51'),
	(523, 394, 'Apr', 4, '2025', '2025-05-01', 250000, '[{"nama": "Reguler", "nominal": 250000, "biaya_santri_id": 168}]', 'belum_lunas', NULL, '2025-07-05 03:39:51', '2025-07-05 03:39:51'),
	(524, 394, 'May', 5, '2025', '2025-06-01', 250000, '[{"nama": "Reguler", "nominal": 250000, "biaya_santri_id": 168}]', 'belum_lunas', NULL, '2025-07-05 03:39:51', '2025-07-05 03:39:51'),
	(525, 394, 'Jun', 6, '2025', '2025-07-01', 250000, '[{"nama": "Reguler", "nominal": 250000, "biaya_santri_id": 168}]', 'belum_lunas', NULL, '2025-07-05 03:39:51', '2025-07-05 03:39:51'),
	(526, 394, 'Jul', 7, '2025', '2025-08-01', 250000, '[{"nama": "Reguler", "nominal": 250000, "biaya_santri_id": 168}]', 'belum_lunas', NULL, '2025-07-05 03:39:51', '2025-07-05 03:39:51'),
	(527, 394, 'Aug', 8, '2025', '2025-09-01', 250000, '[{"nama": "Reguler", "nominal": 250000, "biaya_santri_id": 168}]', 'belum_lunas', NULL, '2025-07-05 03:39:51', '2025-07-05 03:39:51'),
	(528, 394, 'Sep', 9, '2025', '2025-10-01', 250000, '[{"nama": "Reguler", "nominal": 250000, "biaya_santri_id": 168}]', 'belum_lunas', NULL, '2025-07-05 03:39:51', '2025-07-05 03:39:51'),
	(529, 394, 'Oct', 10, '2025', '2025-11-01', 250000, '[{"nama": "Reguler", "nominal": 250000, "biaya_santri_id": 168}]', 'belum_lunas', NULL, '2025-07-05 03:39:51', '2025-07-05 03:39:51'),
	(530, 394, 'Nov', 11, '2025', '2025-12-01', 250000, '[{"nama": "Reguler", "nominal": 250000, "biaya_santri_id": 168}]', 'belum_lunas', NULL, '2025-07-05 03:39:51', '2025-07-05 03:39:51'),
	(531, 394, 'Dec', 12, '2025', '2026-01-01', 250000, '[{"nama": "Reguler", "nominal": 250000, "biaya_santri_id": 168}]', 'belum_lunas', NULL, '2025-07-05 03:39:51', '2025-07-05 03:39:51'),
	(532, 395, 'Jan', 1, '2025', '2025-02-01', 250000, '[{"nama": "Reguler", "nominal": 250000, "biaya_santri_id": 169}]', 'belum_lunas', NULL, '2025-07-05 03:39:51', '2025-07-05 03:39:51'),
	(533, 395, 'Feb', 2, '2025', '2025-03-01', 250000, '[{"nama": "Reguler", "nominal": 250000, "biaya_santri_id": 169}]', 'belum_lunas', NULL, '2025-07-05 03:39:51', '2025-07-05 03:39:51'),
	(534, 395, 'Mar', 3, '2025', '2025-04-01', 250000, '[{"nama": "Reguler", "nominal": 250000, "biaya_santri_id": 169}]', 'belum_lunas', NULL, '2025-07-05 03:39:51', '2025-07-05 03:39:51'),
	(535, 395, 'Apr', 4, '2025', '2025-05-01', 250000, '[{"nama": "Reguler", "nominal": 250000, "biaya_santri_id": 169}]', 'belum_lunas', NULL, '2025-07-05 03:39:51', '2025-07-05 03:39:51'),
	(536, 395, 'May', 5, '2025', '2025-06-01', 250000, '[{"nama": "Reguler", "nominal": 250000, "biaya_santri_id": 169}]', 'belum_lunas', NULL, '2025-07-05 03:39:51', '2025-07-05 03:39:51'),
	(537, 395, 'Jun', 6, '2025', '2025-07-01', 250000, '[{"nama": "Reguler", "nominal": 250000, "biaya_santri_id": 169}]', 'belum_lunas', NULL, '2025-07-05 03:39:51', '2025-07-05 03:39:51'),
	(538, 395, 'Jul', 7, '2025', '2025-08-01', 250000, '[{"nama": "Reguler", "nominal": 250000, "biaya_santri_id": 169}]', 'belum_lunas', NULL, '2025-07-05 03:39:51', '2025-07-05 03:39:51'),
	(539, 395, 'Aug', 8, '2025', '2025-09-01', 250000, '[{"nama": "Reguler", "nominal": 250000, "biaya_santri_id": 169}]', 'belum_lunas', NULL, '2025-07-05 03:39:51', '2025-07-05 03:39:51'),
	(540, 395, 'Sep', 9, '2025', '2025-10-01', 250000, '[{"nama": "Reguler", "nominal": 250000, "biaya_santri_id": 169}]', 'belum_lunas', NULL, '2025-07-05 03:39:51', '2025-07-05 03:39:51'),
	(541, 395, 'Oct', 10, '2025', '2025-11-01', 250000, '[{"nama": "Reguler", "nominal": 250000, "biaya_santri_id": 169}]', 'belum_lunas', NULL, '2025-07-05 03:39:51', '2025-07-05 03:39:51'),
	(542, 395, 'Nov', 11, '2025', '2025-12-01', 250000, '[{"nama": "Reguler", "nominal": 250000, "biaya_santri_id": 169}]', 'belum_lunas', NULL, '2025-07-05 03:39:51', '2025-07-05 03:39:51'),
	(543, 395, 'Dec', 12, '2025', '2026-01-01', 250000, '[{"nama": "Reguler", "nominal": 250000, "biaya_santri_id": 169}]', 'belum_lunas', NULL, '2025-07-05 03:39:51', '2025-07-05 03:39:51'),
	(544, 347, 'Jan', 1, '2025', '2025-02-01', 250000, '[{"nama": "Reguler", "nominal": 250000, "biaya_santri_id": 174}]', 'belum_lunas', NULL, '2025-07-05 03:39:51', '2025-07-05 03:39:51'),
	(545, 347, 'Feb', 2, '2025', '2025-03-01', 250000, '[{"nama": "Reguler", "nominal": 250000, "biaya_santri_id": 174}]', 'belum_lunas', NULL, '2025-07-05 03:39:51', '2025-07-05 03:39:51'),
	(546, 347, 'Mar', 3, '2025', '2025-04-01', 250000, '[{"nama": "Reguler", "nominal": 250000, "biaya_santri_id": 174}]', 'belum_lunas', NULL, '2025-07-05 03:39:51', '2025-07-05 03:39:51'),
	(547, 347, 'Apr', 4, '2025', '2025-05-01', 250000, '[{"nama": "Reguler", "nominal": 250000, "biaya_santri_id": 174}]', 'belum_lunas', NULL, '2025-07-05 03:39:51', '2025-07-05 03:39:51'),
	(548, 347, 'May', 5, '2025', '2025-06-01', 250000, '[{"nama": "Reguler", "nominal": 250000, "biaya_santri_id": 174}]', 'belum_lunas', NULL, '2025-07-05 03:39:51', '2025-07-05 03:39:51'),
	(549, 347, 'Jun', 6, '2025', '2025-07-01', 250000, '[{"nama": "Reguler", "nominal": 250000, "biaya_santri_id": 174}]', 'belum_lunas', NULL, '2025-07-05 03:39:51', '2025-07-05 03:39:51'),
	(550, 347, 'Jul', 7, '2025', '2025-08-01', 250000, '[{"nama": "Reguler", "nominal": 250000, "biaya_santri_id": 174}]', 'belum_lunas', NULL, '2025-07-05 03:39:51', '2025-07-05 03:39:51'),
	(551, 347, 'Aug', 8, '2025', '2025-09-01', 250000, '[{"nama": "Reguler", "nominal": 250000, "biaya_santri_id": 174}]', 'belum_lunas', NULL, '2025-07-05 03:39:51', '2025-07-05 03:39:51'),
	(552, 347, 'Sep', 9, '2025', '2025-10-01', 250000, '[{"nama": "Reguler", "nominal": 250000, "biaya_santri_id": 174}]', 'belum_lunas', NULL, '2025-07-05 03:39:51', '2025-07-05 03:39:51'),
	(553, 347, 'Oct', 10, '2025', '2025-11-01', 250000, '[{"nama": "Reguler", "nominal": 250000, "biaya_santri_id": 174}]', 'belum_lunas', NULL, '2025-07-05 03:39:51', '2025-07-05 03:39:51'),
	(554, 347, 'Nov', 11, '2025', '2025-12-01', 250000, '[{"nama": "Reguler", "nominal": 250000, "biaya_santri_id": 174}]', 'belum_lunas', NULL, '2025-07-05 03:39:51', '2025-07-05 03:39:51'),
	(555, 347, 'Dec', 12, '2025', '2026-01-01', 250000, '[{"nama": "Reguler", "nominal": 250000, "biaya_santri_id": 174}]', 'belum_lunas', NULL, '2025-07-05 03:39:51', '2025-07-05 03:39:51'),
	(556, 344, 'Jan', 1, '2025', '2025-02-01', 450000, '[{"nama": "Reguler", "nominal": 250000, "biaya_santri_id": 180}, {"nama": "Motor", "nominal": 200000, "biaya_santri_id": 181}]', 'lunas', NULL, '2025-07-05 03:39:51', '2025-07-05 17:46:22'),
	(557, 344, 'Feb', 2, '2025', '2025-03-01', 450000, '[{"nama": "Reguler", "nominal": 250000, "biaya_santri_id": 180}, {"nama": "Motor", "nominal": 200000, "biaya_santri_id": 181}]', 'lunas', NULL, '2025-07-05 03:39:51', '2025-07-05 17:48:18'),
	(558, 344, 'Mar', 3, '2025', '2025-04-01', 450000, '[{"nama": "Reguler", "nominal": 250000, "biaya_santri_id": 180}, {"nama": "Motor", "nominal": 200000, "biaya_santri_id": 181}]', 'belum_lunas', NULL, '2025-07-05 03:39:51', '2025-07-05 03:39:51'),
	(559, 344, 'Apr', 4, '2025', '2025-05-01', 450000, '[{"nama": "Reguler", "nominal": 250000, "biaya_santri_id": 180}, {"nama": "Motor", "nominal": 200000, "biaya_santri_id": 181}]', 'belum_lunas', NULL, '2025-07-05 03:39:51', '2025-07-05 03:39:51'),
	(560, 344, 'May', 5, '2025', '2025-06-01', 450000, '[{"nama": "Reguler", "nominal": 250000, "biaya_santri_id": 180}, {"nama": "Motor", "nominal": 200000, "biaya_santri_id": 181}]', 'belum_lunas', NULL, '2025-07-05 03:39:51', '2025-07-05 03:39:51'),
	(561, 344, 'Jun', 6, '2025', '2025-07-01', 450000, '[{"nama": "Reguler", "nominal": 250000, "biaya_santri_id": 180}, {"nama": "Motor", "nominal": 200000, "biaya_santri_id": 181}]', 'belum_lunas', NULL, '2025-07-05 03:39:51', '2025-07-05 03:39:51'),
	(562, 344, 'Jul', 7, '2025', '2025-08-01', 450000, '[{"nama": "Reguler", "nominal": 250000, "biaya_santri_id": 180}, {"nama": "Motor", "nominal": 200000, "biaya_santri_id": 181}]', 'belum_lunas', NULL, '2025-07-05 03:39:51', '2025-07-05 03:39:51'),
	(563, 344, 'Aug', 8, '2025', '2025-09-01', 450000, '[{"nama": "Reguler", "nominal": 250000, "biaya_santri_id": 180}, {"nama": "Motor", "nominal": 200000, "biaya_santri_id": 181}]', 'belum_lunas', NULL, '2025-07-05 03:39:51', '2025-07-05 03:39:51'),
	(564, 344, 'Sep', 9, '2025', '2025-10-01', 450000, '[{"nama": "Reguler", "nominal": 250000, "biaya_santri_id": 180}, {"nama": "Motor", "nominal": 200000, "biaya_santri_id": 181}]', 'belum_lunas', NULL, '2025-07-05 03:39:51', '2025-07-05 03:39:51'),
	(565, 344, 'Oct', 10, '2025', '2025-11-01', 450000, '[{"nama": "Reguler", "nominal": 250000, "biaya_santri_id": 180}, {"nama": "Motor", "nominal": 200000, "biaya_santri_id": 181}]', 'belum_lunas', NULL, '2025-07-05 03:39:51', '2025-07-05 03:39:51'),
	(566, 344, 'Nov', 11, '2025', '2025-12-01', 450000, '[{"nama": "Reguler", "nominal": 250000, "biaya_santri_id": 180}, {"nama": "Motor", "nominal": 200000, "biaya_santri_id": 181}]', 'belum_lunas', NULL, '2025-07-05 03:39:51', '2025-07-05 03:39:51'),
	(567, 344, 'Dec', 12, '2025', '2026-01-01', 450000, '[{"nama": "Reguler", "nominal": 250000, "biaya_santri_id": 180}, {"nama": "Motor", "nominal": 200000, "biaya_santri_id": 181}]', 'belum_lunas', NULL, '2025-07-05 03:39:51', '2025-07-05 03:39:51'),
	(568, 344, 'Jan', 1, '2026', '2026-02-01', 450000, '[{"nama": "Reguler", "nominal": 250000, "biaya_santri_id": 180}, {"nama": "Motor", "nominal": 200000, "biaya_santri_id": 181}]', 'belum_lunas', NULL, '2025-07-05 03:40:28', '2025-07-05 03:40:28'),
	(569, 344, 'Feb', 2, '2026', '2026-03-01', 450000, '[{"nama": "Reguler", "nominal": 250000, "biaya_santri_id": 180}, {"nama": "Motor", "nominal": 200000, "biaya_santri_id": 181}]', 'belum_lunas', NULL, '2025-07-05 03:40:28', '2025-07-05 03:40:28'),
	(570, 344, 'Mar', 3, '2026', '2026-04-01', 450000, '[{"nama": "Reguler", "nominal": 250000, "biaya_santri_id": 180}, {"nama": "Motor", "nominal": 200000, "biaya_santri_id": 181}]', 'belum_lunas', NULL, '2025-07-05 03:40:28', '2025-07-05 03:40:28'),
	(571, 344, 'Apr', 4, '2026', '2026-05-01', 450000, '[{"nama": "Reguler", "nominal": 250000, "biaya_santri_id": 180}, {"nama": "Motor", "nominal": 200000, "biaya_santri_id": 181}]', 'belum_lunas', NULL, '2025-07-05 03:40:28', '2025-07-05 03:40:28'),
	(572, 344, 'May', 5, '2026', '2026-06-01', 450000, '[{"nama": "Reguler", "nominal": 250000, "biaya_santri_id": 180}, {"nama": "Motor", "nominal": 200000, "biaya_santri_id": 181}]', 'belum_lunas', NULL, '2025-07-05 03:40:28', '2025-07-05 03:40:28'),
	(573, 347, 'Jan', 1, '2026', '2026-02-01', 250000, '[{"nama": "Reguler", "nominal": 250000, "biaya_santri_id": 174}]', 'belum_lunas', NULL, '2025-07-05 03:40:28', '2025-07-05 03:40:28'),
	(574, 347, 'Feb', 2, '2026', '2026-03-01', 250000, '[{"nama": "Reguler", "nominal": 250000, "biaya_santri_id": 174}]', 'belum_lunas', NULL, '2025-07-05 03:40:28', '2025-07-05 03:40:28'),
	(575, 347, 'Mar', 3, '2026', '2026-04-01', 250000, '[{"nama": "Reguler", "nominal": 250000, "biaya_santri_id": 174}]', 'belum_lunas', NULL, '2025-07-05 03:40:28', '2025-07-05 03:40:28'),
	(576, 347, 'Apr', 4, '2026', '2026-05-01', 250000, '[{"nama": "Reguler", "nominal": 250000, "biaya_santri_id": 174}]', 'belum_lunas', NULL, '2025-07-05 03:40:28', '2025-07-05 03:40:28'),
	(577, 347, 'May', 5, '2026', '2026-06-01', 250000, '[{"nama": "Reguler", "nominal": 250000, "biaya_santri_id": 174}]', 'belum_lunas', NULL, '2025-07-05 03:40:28', '2025-07-05 03:40:28');

-- Dumping structure for table skripsi2.tagihan_terjadwals
CREATE TABLE IF NOT EXISTS `tagihan_terjadwals` (
  `id_tagihan_terjadwal` bigint unsigned NOT NULL AUTO_INCREMENT,
  `biaya_santri_id` bigint unsigned DEFAULT NULL,
  `santri_id` bigint unsigned NOT NULL,
  `tahun_ajar_id` bigint unsigned NOT NULL,
  `daftar_biaya_id` bigint unsigned NOT NULL,
  `rincian` json NOT NULL,
  `nominal` double NOT NULL,
  `tahun` year NOT NULL,
  `status` enum('lunas','belum_lunas','dibayar_sebagian') CHARACTER SET utf8mb4 COLLATE utf8mb4_unicode_ci NOT NULL DEFAULT 'belum_lunas',
  `created_at` timestamp NULL DEFAULT NULL,
  `updated_at` timestamp NULL DEFAULT NULL,
  `deleted_at` timestamp NULL DEFAULT NULL,
  PRIMARY KEY (`id_tagihan_terjadwal`),
  KEY `tagihan_terjadwals_santri_id_foreign` (`santri_id`),
  KEY `biaya_santri_id` (`biaya_santri_id`),
  KEY `tahun_ajar_id` (`tahun_ajar_id`),
  KEY `daftar_biaya_id` (`daftar_biaya_id`),
  KEY `idx_tagihan_terjadwal_santri_tahun` (`santri_id`,`tahun`,`deleted_at`),
  KEY `idx_tagihan_terjadwal_duplicate_check` (`biaya_santri_id`,`tahun`,`tahun_ajar_id`),
  KEY `idx_tagihan_terjadwal_status` (`status`,`deleted_at`),
  KEY `idx_tagihan_terjadwal_tahun` (`tahun`,`deleted_at`),
  KEY `idx_tagihan_terjadwal_daftar_biaya` (`daftar_biaya_id`,`deleted_at`),
  CONSTRAINT `FK_tagihan_terjadwals_biaya_santris` FOREIGN KEY (`biaya_santri_id`) REFERENCES `biaya_santris` (`id_biaya_santri`) ON DELETE SET NULL,
  CONSTRAINT `FK_tagihan_terjadwals_daftar_biayas` FOREIGN KEY (`daftar_biaya_id`) REFERENCES `daftar_biayas` (`id_daftar_biaya`) ON DELETE CASCADE,
  CONSTRAINT `FK_tagihan_terjadwals_tahun_ajars` FOREIGN KEY (`tahun_ajar_id`) REFERENCES `tahun_ajars` (`id_tahun_ajar`) ON DELETE CASCADE,
  CONSTRAINT `tagihan_terjadwals_santri_id_foreign` FOREIGN KEY (`santri_id`) REFERENCES `santris` (`id_santri`) ON DELETE CASCADE
) ENGINE=InnoDB AUTO_INCREMENT=93 DEFAULT CHARSET=utf8mb4 COLLATE=utf8mb4_unicode_ci;

-- Dumping data for table skripsi2.tagihan_terjadwals: ~26 rows (approximately)
INSERT INTO `tagihan_terjadwals` (`id_tagihan_terjadwal`, `biaya_santri_id`, `santri_id`, `tahun_ajar_id`, `daftar_biaya_id`, `rincian`, `nominal`, `tahun`, `status`, `created_at`, `updated_at`, `deleted_at`) VALUES
	(87, 182, 344, 2, 10, '[{"nominal": "1500000", "keterangan": "Tagihan manual"}]', 1500000, '2025', 'lunas', '2025-07-03 23:04:32', '2025-07-05 17:46:22', NULL),
	(88, 176, 347, 2, 10, '[{"nominal": 1500000, "keterangan": "Tagihan otomatis: Pendaftaran Santri Baru"}]', 1500000, '2025', 'belum_lunas', '2025-07-03 23:18:35', '2025-07-03 23:18:35', NULL),
	(89, 184, 345, 2, 10, '[{"nominal": 1500000, "keterangan": "Tagihan otomatis: Pendaftaran Santri Baru"}]', 1500000, '2025', 'belum_lunas', '2025-07-03 23:18:35', '2025-07-03 23:18:35', NULL),
	(90, 175, 347, 2, 7, '[{"nominal": 450000, "keterangan": "Tagihan otomatis: Ziarah"}]', 450000, '2025', 'belum_lunas', '2025-07-05 07:18:02', '2025-07-05 07:18:02', NULL),
	(91, 183, 344, 2, 7, '[{"nominal": 450000, "keterangan": "Tagihan otomatis: Ziarah"}]', 450000, '2025', 'belum_lunas', '2025-07-05 07:18:03', '2025-07-05 07:18:03', NULL),
	(92, 186, 361, 2, 10, '[{"nominal": "1500000", "keterangan": "Tagihan manual"}]', 1500000, '2025', 'belum_lunas', '2025-07-06 03:22:38', '2025-07-06 03:22:38', NULL);

-- Dumping structure for table skripsi2.tahun_ajars
CREATE TABLE IF NOT EXISTS `tahun_ajars` (
  `id_tahun_ajar` bigint unsigned NOT NULL AUTO_INCREMENT,
  `tahun_ajar` varchar(255) CHARACTER SET utf8mb4 COLLATE utf8mb4_unicode_ci NOT NULL,
  `start_date` date NOT NULL,
  `end_date` date NOT NULL,
  `status` enum('aktif','tidak_aktif') CHARACTER SET utf8mb4 COLLATE utf8mb4_unicode_ci NOT NULL DEFAULT 'tidak_aktif',
  `created_at` timestamp NULL DEFAULT NULL,
  `updated_at` timestamp NULL DEFAULT NULL,
  PRIMARY KEY (`id_tahun_ajar`),
  UNIQUE KEY `tahun_ajars_tahun_ajar_unique` (`tahun_ajar`)
) ENGINE=InnoDB AUTO_INCREMENT=3 DEFAULT CHARSET=utf8mb4 COLLATE=utf8mb4_unicode_ci;

-- Dumping data for table skripsi2.tahun_ajars: ~2 rows (approximately)
INSERT INTO `tahun_ajars` (`id_tahun_ajar`, `tahun_ajar`, `start_date`, `end_date`, `status`, `created_at`, `updated_at`) VALUES
	(1, '2023/2024', '2023-07-01', '2024-06-30', 'aktif', '2025-03-27 11:00:20', '2025-03-27 11:00:20'),
	(2, '2024/2025', '2024-07-01', '2025-06-30', 'aktif', '2025-03-27 11:00:20', '2025-03-27 11:00:20');

-- Dumping structure for table skripsi2.tambahan_bulanans
CREATE TABLE IF NOT EXISTS `tambahan_bulanans` (
  `id_tambahan_bulanan` bigint unsigned NOT NULL AUTO_INCREMENT,
  `nama_item` varchar(255) CHARACTER SET utf8mb4 COLLATE utf8mb4_unicode_ci NOT NULL,
  `nominal` int NOT NULL,
  `created_at` timestamp NULL DEFAULT NULL,
  `updated_at` timestamp NULL DEFAULT NULL,
  PRIMARY KEY (`id_tambahan_bulanan`)
) ENGINE=InnoDB AUTO_INCREMENT=79 DEFAULT CHARSET=utf8mb4 COLLATE=utf8mb4_unicode_ci;

-- Dumping data for table skripsi2.tambahan_bulanans: ~3 rows (approximately)
INSERT INTO `tambahan_bulanans` (`id_tambahan_bulanan`, `nama_item`, `nominal`, `created_at`, `updated_at`) VALUES
	(1, 'Laptop', 20000, NULL, NULL),
	(2, 'Motor', 15000, NULL, NULL),
	(3, 'Elektronik Lain', 5000, NULL, NULL);

-- Dumping structure for table skripsi2.users
CREATE TABLE IF NOT EXISTS `users` (
  `id_user` bigint unsigned NOT NULL AUTO_INCREMENT,
  `nis` varchar(255) CHARACTER SET utf8mb4 COLLATE utf8mb4_unicode_ci DEFAULT NULL,
  `email` varchar(255) CHARACTER SET utf8mb4 COLLATE utf8mb4_unicode_ci DEFAULT NULL,
  `email_verified_at` timestamp NULL DEFAULT NULL,
  `password` varchar(255) CHARACTER SET utf8mb4 COLLATE utf8mb4_unicode_ci NOT NULL,
  `remember_token` varchar(100) CHARACTER SET utf8mb4 COLLATE utf8mb4_unicode_ci DEFAULT NULL,
  `created_at` timestamp NULL DEFAULT NULL,
  `updated_at` timestamp NULL DEFAULT NULL,
  PRIMARY KEY (`id_user`),
  UNIQUE KEY `users_email_unique` (`email`)
) ENGINE=InnoDB AUTO_INCREMENT=480 DEFAULT CHARSET=utf8mb4 COLLATE=utf8mb4_unicode_ci;

-- Dumping data for table skripsi2.users: ~53 rows (approximately)
INSERT INTO `users` (`id_user`, `nis`, `email`, `email_verified_at`, `password`, `remember_token`, `created_at`, `updated_at`) VALUES
	(9, NULL, 'admin@gmail.com', '2025-03-07 23:56:55', '$2y$12$Ba7xdU2dsYKwq7IF5fTHBeR/PjrrRs3YoKfKiYcxsqwSiWlofF9ie', 'NgOkFIHqyQ9Wt2HvQDgrejDS3MBqWq4nKj01tE5S8SzHkIkuIXRUvXRcf6SB', '2025-03-07 23:56:55', '2025-05-31 00:17:54'),
	(428, NULL, NULL, NULL, '$2y$12$BYx2djPSzOnjKp7J2f6LnO9dlQkQI9/MIBxqeq3dXPZaUOjk5hoNa', NULL, '2025-07-03 22:47:48', '2025-07-03 23:00:27'),
	(429, NULL, NULL, NULL, '$2y$12$pyPzAijjEbJrHml5CAyU1ugG6Ve0J0MTNgQVxAnt7W7MMaXOYbhba', NULL, '2025-07-03 22:47:49', '2025-07-03 22:47:49'),
	(430, NULL, NULL, NULL, '$2y$12$jm7aoUkTrJ79CZ3vCxrtS.nU5w1HmohXPoIQoJwPCVEIxFcQbKZcu', NULL, '2025-07-03 22:47:49', '2025-07-03 22:47:49'),
	(431, NULL, NULL, NULL, '$2y$12$n0lzUl9h0vk3M3LKsaH0x.rQqCqbLMLjq12L79jYflNR4w35gdWgS', NULL, '2025-07-03 22:47:49', '2025-07-03 22:47:49'),
	(432, NULL, NULL, NULL, '$2y$12$RSZ/wF09WRhiJx0ILB4wYOYhETFdYCpOk1Vr/y11dm0cyZOdWN2R6', NULL, '2025-07-03 22:47:49', '2025-07-03 22:47:49'),
	(433, NULL, NULL, NULL, '$2y$12$Yc4w4up7h0q82ZitqyuF1e4BUPUK482RzMzIfI49AcvJLgdKO1cKi', NULL, '2025-07-03 22:47:49', '2025-07-03 22:47:49'),
	(434, NULL, NULL, NULL, '$2y$12$xaDke00yZ2FEe9ctLnGcM.BLYYNva9xN3bGdIv8B4rNH1kSsdK2.C', NULL, '2025-07-03 22:47:50', '2025-07-03 22:47:50'),
	(435, NULL, NULL, NULL, '$2y$12$21Jk0otuQ4b8dQOAIWb1J.k5WLW.XvJwC1h4YGBQNv3/ySEHqJihe', NULL, '2025-07-03 22:47:50', '2025-07-03 22:47:50'),
	(436, NULL, NULL, NULL, '$2y$12$lWfC7LgvGbQlPrJlxd5tkuziApaj4K6Zwlr.n8eBbvhKkreqZPy6i', NULL, '2025-07-03 22:47:50', '2025-07-03 22:47:50'),
	(437, NULL, NULL, NULL, '$2y$12$pl4UWrC3UvcRTSNCa8O.NuMUMZ3hqOjXS6mZziP3D6b./WQHvAngG', NULL, '2025-07-03 22:47:50', '2025-07-03 22:47:50'),
	(438, NULL, NULL, NULL, '$2y$12$UxlISm0.puok9XbIzdtMY.NKksYXi7tJFp/XkRRbUIk9fI.CEn09y', NULL, '2025-07-03 22:47:50', '2025-07-03 22:47:50'),
	(439, NULL, NULL, NULL, '$2y$12$u8iXy4vdCmWhMJYwPapS4.Cl.lF.QTRGJ7LQvnQwqpJ272QGkhGJq', NULL, '2025-07-03 22:47:51', '2025-07-03 22:47:51'),
	(440, NULL, NULL, NULL, '$2y$12$klQtRnbsBAN/TfSC6j0l2OrvL0T2CN1.zcFyIButD8yDN5I1Oz5iK', NULL, '2025-07-03 22:47:51', '2025-07-03 22:47:51'),
	(441, NULL, NULL, NULL, '$2y$12$WJ97HIzL1l5AUuTTfbMxFeuOxADVQk2wKnPBL5Mc9muH4OX7z89Vi', NULL, '2025-07-03 22:47:51', '2025-07-03 22:47:51'),
	(442, NULL, NULL, NULL, '$2y$12$6QuNdkpjPLzhSn5QpnMbWO07oFzyxyv/ybZDISbQcp7iyiEjb3ci6', NULL, '2025-07-03 22:47:51', '2025-07-03 22:47:51'),
	(443, NULL, NULL, NULL, '$2y$12$YmJFEvW62jhm6blbpksI3OR.bwgDItjot32RSHfFb6DKiytEsG01i', NULL, '2025-07-03 22:47:51', '2025-07-03 22:47:51'),
	(444, NULL, NULL, NULL, '$2y$12$I03xhSp1GcaGYBM3GR4LGud59edFnmNL.byo625MhXSp9gjPIgd32', NULL, '2025-07-03 22:47:52', '2025-07-03 22:47:52'),
	(445, NULL, NULL, NULL, '$2y$12$m0snQSqznTSLP9IDoDogVuRhXVjpqk9KsWw2OpQdLE4.PCDYa6z6u', NULL, '2025-07-03 22:47:52', '2025-07-03 22:47:52'),
	(446, NULL, NULL, NULL, '$2y$12$npWKhYKhUq0egfGZr91EhuKQlRKCXec7PDeEhhAMLWxRC5rYG.eaa', NULL, '2025-07-03 22:47:52', '2025-07-03 22:47:52'),
	(447, NULL, NULL, NULL, '$2y$12$pXPkZ4b02/x.Om49apab3eTg/wbv0Eug79mfbQKwv2x8CbHLx20lO', NULL, '2025-07-03 22:47:52', '2025-07-03 22:47:52'),
	(448, NULL, NULL, NULL, '$2y$12$SYlgdjse09qfw.5QyCEpd.r/l60NLj3/SAKBnK1O/dEAtvLYiRZki', NULL, '2025-07-03 22:47:52', '2025-07-03 22:47:52'),
	(449, NULL, NULL, NULL, '$2y$12$rL5E1vDadtTUl5xRWnodgOkbPJDquaEsMNuJBCzmaZWbkGrGnLCgi', NULL, '2025-07-03 22:47:53', '2025-07-03 22:47:53'),
	(450, NULL, NULL, NULL, '$2y$12$3DkPiXlNZfCPvo9dLf1nyO5sHN/.CksIoJ9QB4NFQBvwPZUo/vcsq', NULL, '2025-07-03 22:47:53', '2025-07-03 22:47:53'),
	(451, NULL, NULL, NULL, '$2y$12$TK0f8rHMsZo3bVC7LMD/FOYR2ZUyO1K0fi6bZyvELSiz9eMRkDIfa', NULL, '2025-07-03 22:47:53', '2025-07-03 22:47:53'),
	(452, NULL, NULL, NULL, '$2y$12$z5lHgcFcqYFKWAj9tQ1uFeNOpTDt03uWhRAmTwBgPuCXA1PGN3GSi', NULL, '2025-07-03 22:47:53', '2025-07-03 22:47:53'),
	(453, NULL, NULL, NULL, '$2y$12$QywrMY3AmALKWRxyE7i59um1y0tcbhHH0P6MW6fp/HukhEN5BJhoO', NULL, '2025-07-03 22:47:53', '2025-07-03 22:47:53'),
	(454, NULL, NULL, NULL, '$2y$12$1byoG0j6g0MKOfBDiXRMOuvFiHJeHP4QVl7vx/SKE5A7bf6vVx39G', NULL, '2025-07-03 22:47:54', '2025-07-03 22:47:54'),
	(455, NULL, NULL, NULL, '$2y$12$bE1xZAoaJQSrFFFhh9A4gey.2E6sj8kWx/c5UQKAuCFN9dpXry1By', NULL, '2025-07-03 22:47:54', '2025-07-03 22:47:54'),
	(456, NULL, NULL, NULL, '$2y$12$Cw3NUAB2xVqCzmDs8HgRme2DJII/dVv.6eviyefcVHXYqM6gzrDmG', NULL, '2025-07-03 22:47:54', '2025-07-03 22:47:54'),
	(457, NULL, NULL, NULL, '$2y$12$x0xCWV6zTKB1TlykXnnnveRpgTJjP/S.nAZQAgVJFqNYA/zrMpABm', NULL, '2025-07-03 22:47:54', '2025-07-03 22:47:54'),
	(458, NULL, NULL, NULL, '$2y$12$owR3HqJIXaekosd9S.0T.uLM/axpaSAYZjDD1yR/yXdRhpT4ZBFxS', NULL, '2025-07-03 22:47:54', '2025-07-03 22:47:54'),
	(459, NULL, NULL, NULL, '$2y$12$p7Br28Ey04bBwHCiZzlEduIclDkJsSM.NUiNu36KCyP.vAX0xQh3S', NULL, '2025-07-03 22:47:55', '2025-07-03 22:47:55'),
	(460, NULL, NULL, NULL, '$2y$12$0r8EknI4X1OG1GBISVCdbeuxjEtxdU0fYvAc2boM5OcHCwZ7ryN.K', NULL, '2025-07-03 22:47:55', '2025-07-03 22:47:55'),
	(461, NULL, NULL, NULL, '$2y$12$EOR79EmbIPq.Vf3kYYRrnun7z1CyD0Lwc8g18Qaj.8QtuRaO5P3MK', NULL, '2025-07-03 22:47:55', '2025-07-03 22:47:55'),
	(462, NULL, NULL, NULL, '$2y$12$4eQC/4gtP8UG.H28Cp6U6uuxcPWHXJiTU4hDjL56KMtyxuB0K/yA6', NULL, '2025-07-03 22:47:55', '2025-07-03 22:47:55'),
	(463, NULL, NULL, NULL, '$2y$12$VH3MmLjH3njSDJqIhcGLYejelTp1d4cCCyqtl9Y4inFXAi12zJunC', NULL, '2025-07-03 22:47:55', '2025-07-03 22:47:55'),
	(464, NULL, NULL, NULL, '$2y$12$d0cnQpBnot6Yqbe9jpkZ6OzJicNxGRVWKaMjpVU1uceDgu7x.lue.', NULL, '2025-07-03 22:47:56', '2025-07-03 22:47:56'),
	(465, NULL, NULL, NULL, '$2y$12$jvM/cVPIwxuWPCaV7x80iuVjXXnjK3nlIX9xa1Xu1FIEKdRhv/30C', NULL, '2025-07-03 22:47:56', '2025-07-03 22:47:56'),
	(466, NULL, NULL, NULL, '$2y$12$uaTqObbwW6Fa2MzsywBlFus7ppgvoT/XOS7mkmH7ZH2CLgyNzyFvK', NULL, '2025-07-03 22:47:56', '2025-07-03 22:47:56'),
	(467, NULL, NULL, NULL, '$2y$12$kS5Yr7e6aRynvSISqdiVhOZL7EUsgOq/OLp9j3qY3JnV//KC9vfiS', NULL, '2025-07-03 22:47:56', '2025-07-03 22:47:56'),
	(468, NULL, NULL, NULL, '$2y$12$apVIo9AoTm6z7cmvW9cRuecNvAOugwX9nNeVGm9sQF4uQt2XfSHNe', NULL, '2025-07-03 22:47:57', '2025-07-03 22:47:57'),
	(469, NULL, NULL, NULL, '$2y$12$9jCn4EtOCeWMoKsa7qIHB.A2lMUvdSSLNsQHxQc7VFP/NFT4zcbUK', NULL, '2025-07-03 22:47:57', '2025-07-03 22:47:57'),
	(470, NULL, NULL, NULL, '$2y$12$6bO9YBAFuDCdLO0XkEfYV.0Hoj6aVNJe4cpKbX/Cgw0Ros0sg8tE2', NULL, '2025-07-03 22:47:57', '2025-07-03 22:47:57'),
	(471, NULL, NULL, NULL, '$2y$12$e2w/SjOukfcUOn4lM7or4upfXpvEKRs4.TmYdKdalt/A3Iy2Wqe2i', NULL, '2025-07-03 22:47:57', '2025-07-03 22:47:57'),
	(472, NULL, NULL, NULL, '$2y$12$42rEEFYkHOmRXxRe710jEu2V5TPvxmaS9EsixuiKleAPyENJAMVFu', NULL, '2025-07-03 22:47:57', '2025-07-03 22:47:57'),
	(473, NULL, NULL, NULL, '$2y$12$AIhBLhly0jOFX63i48yfG.Ar2eumBQqkKFsg8bXJIJoYVec8suCEW', NULL, '2025-07-03 22:47:58', '2025-07-03 22:47:58'),
	(474, NULL, NULL, NULL, '$2y$12$j6MgzusNFFzdFL4NaeDDaunn8.AfngaJTN6gc43u6tm.KR6v6qJ2i', NULL, '2025-07-03 22:47:58', '2025-07-03 22:47:58'),
	(475, NULL, NULL, NULL, '$2y$12$WV91yJPvRjlKZ.eTFJe4yuag.YQRLHtzM694gBwAI3OVYhNqywD76', NULL, '2025-07-03 22:47:58', '2025-07-03 22:47:58'),
	(476, NULL, NULL, NULL, '$2y$12$VvPlegzBHfm8S4sncsIAk.MzeHTazSN71R9gJjrVruRsBN8/IPs9m', NULL, '2025-07-03 22:47:58', '2025-07-03 22:47:58'),
	(477, NULL, NULL, NULL, '$2y$12$7mKhHY3lFQVudIWYyLXMluxCLyOsaKOrxy5um9cjF6OBT2wCd6V8K', NULL, '2025-07-03 22:47:58', '2025-07-03 22:47:58'),
	(478, NULL, NULL, NULL, '$2y$12$KLoXVjFClM.X6YjA5L.VUeF1pITjRcmpNvGKHEhg1dlHAta4.TFWO', NULL, '2025-07-03 22:47:59', '2025-07-03 22:47:59'),
	(479, NULL, NULL, NULL, '$2y$12$rm/DxG.yrbOrmCAma1J79eknWykC6OO6mhhH.kF59ondVyUq9r1qG', NULL, '2025-07-03 22:47:59', '2025-07-03 22:47:59');

-- Dumping structure for table skripsi2.wali_kelas
CREATE TABLE IF NOT EXISTS `wali_kelas` (
  `id_wali_kelas` bigint unsigned NOT NULL AUTO_INCREMENT,
  `ustadz_id` bigint unsigned NOT NULL,
  `kelas_id` bigint unsigned NOT NULL,
  `tahun_ajar_id` bigint unsigned NOT NULL,
  `created_at` timestamp NULL DEFAULT NULL,
  `updated_at` timestamp NULL DEFAULT NULL,
  PRIMARY KEY (`id_wali_kelas`),
  UNIQUE KEY `wali_kelas_tahun_ajar_id_kelas_id_unique` (`tahun_ajar_id`,`kelas_id`),
  KEY `wali_kelas_ustadz_id_foreign` (`ustadz_id`),
  KEY `wali_kelas_kelas_id_foreign` (`kelas_id`),
  CONSTRAINT `wali_kelas_kelas_id_foreign` FOREIGN KEY (`kelas_id`) REFERENCES `kelas` (`id_kelas`) ON DELETE CASCADE,
  CONSTRAINT `wali_kelas_tahun_ajar_id_foreign` FOREIGN KEY (`tahun_ajar_id`) REFERENCES `tahun_ajars` (`id_tahun_ajar`) ON DELETE CASCADE,
  CONSTRAINT `wali_kelas_ustadz_id_foreign` FOREIGN KEY (`ustadz_id`) REFERENCES `santris` (`id_santri`) ON DELETE CASCADE
) ENGINE=InnoDB DEFAULT CHARSET=utf8mb4 COLLATE=utf8mb4_unicode_ci;

-- Dumping data for table skripsi2.wali_kelas: ~0 rows (approximately)

/*!40103 SET TIME_ZONE=IFNULL(@OLD_TIME_ZONE, 'system') */;
/*!40101 SET SQL_MODE=IFNULL(@OLD_SQL_MODE, '') */;
/*!40014 SET FOREIGN_KEY_CHECKS=IFNULL(@OLD_FOREIGN_KEY_CHECKS, 1) */;
/*!40101 SET CHARACTER_SET_CLIENT=@OLD_CHARACTER_SET_CLIENT */;
/*!40111 SET SQL_NOTES=IFNULL(@OLD_SQL_NOTES, 1) */;
